title,type,info,meal_plans
american,moms,"[[14300.5, 780.85, 831.075, 769.475, 57.1025, 1565, 70], [13293.5, 604.25, 724.9, 940.575, 50.915, 270, 45], [14592.75, 311.1, 722.05, 1657.825, 30.2475, 563, 68], [13051.0, 562.9, 822.9, 750.15, 46.22, 745, 38], [14498.25, 556.475, 894.2, 885.325, 60.28, 335, 36], [13890.25, 654.5, 767.3, 956.1, 44.265, 1335, 48], [13518.75, 844.525, 914.85, 404.4, 66.055, 1215, 56], [13178.5, 864.35, 712.525, 594.225, 63.13, 357, 56], [14924.5, 540.15, 847.2, 1157.85, 48.83, 1146, 138], [14389.25, 602.675, 733.875, 1050.925, 44.895, 675, 58], [13582.5, 712.075, 851.475, 665.725, 70.2925, 1569, 55], [13270.0, 399.7, 667.725, 1204.85, 35.9025, 440, 54], [14605.0, 605.875, 945.45, 826.6, 58.175, 727, 49], [13728.0, 666.175, 971.15, 343.925, 43.1275, 1535, 48], [14732.75, 703.3, 811.35, 920.375, 55.2925, 730, 48], [14370.75, 510.375, 1016.8, 754.95, 40.42, 375, 98], [13770.0, 581.6, 677.275, 1277.425, 40.9, 655, 47], [13178.25, 493.975, 747.375, 1092.8, 46.6575, 610, 37], [13155.0, 708.15, 1002.7, 335.025, 64.2275, 1332, 81], [14577.5, 419.825, 830.1, 1315.55, 36.86, 790, 60], [14264.0, 543.65, 850.3, 897.95, 46.505, 925, 42], [14268.0, 475.9, 793.9, 1244.775, 45.85, 1763, 76], [14454.25, 541.425, 698.675, 1397.1, 61.9475, 1610, 68], [13149.5, 679.0, 849.125, 536.925, 47.255, 385, 42], [13802.75, 698.15, 771.2, 826.475, 71.25, 930, 45], [14558.5, 582.4, 1132.925, 301.85, 63.73, 1365, 32], [14818.25, 438.15, 966.6, 1130.05, 28.87, 910, 54], [14082.25, 635.025, 644.475, 1213.875, 58.1825, 998, 77], [13970.5, 488.975, 779.625, 981.575, 42.075, 324, 68], [14025.0, 464.475, 680.0, 1534.35, 51.065, 395, 30], [13549.75, 358.675, 751.1, 1383.85, 24.735, 1170, 160], [14446.5, 557.025, 813.25, 1210.95, 47.31, 840, 40], [14077.0, 647.575, 630.175, 1292.55, 52.36, 398, 70], [14640.75, 562.225, 900.65, 1035.125, 43.6775, 1753, 66], [14266.5, 537.425, 873.25, 1080.3, 45.3225, 610, 35], [14467.5, 659.75, 715.8, 1392.4, 59.0825, 1390, 52], [14332.0, 624.225, 650.225, 1362.25, 56.3625, 875, 54], [13148.25, 579.525, 730.4, 1047.375, 48.9325, 865, 47], [14226.5, 650.875, 861.25, 652.9, 63.7875, 775, 61], [14633.5, 555.375, 851.15, 1041.275, 65.74, 950, 60]]","[""mountain man's corned beef stroganoff bonanza!"", 'the unconventional culinary adventure!', 'the biscuit bonanza bbq bash!', 'tropical winter feast', 'the all-american feast', ""miner's morning mash-up!"", 'the big apple bbq bash!', 'tastes of the southwest', 'the campfire fiesta!', 'campfire chili pie pack!', 'the savory spectacle', 'autumn aromas and savory suppers!', 'the great american feast!', 'the unexpected brunch platter', ""mom's comfort kitchen!"", 'the sausage-y seven!', 'autumn harvest fusion feast', 'zesty fiesta fiesta!', 'the grilled and smoked feast!', 'the cowboy fiesta!', 'fiery fusions feast!', 'the savory sampler platter', ""the cowboy's delight!"", 'the epic meaty adventure!', 'savory sunday supper!', 'the big easy feast!', 'the breakfast lunch and dinner bonanza!', 'the tailgate table!', 'the ultimate comfort food fiesta!', 'pork pie fiesta fiesta!', 'beans-n-franks fiesta fiesta!', 'the great midwest feast!', 'the all-star brunch extravaganza!', 'the savory and sweet spectacular!', 'the all-american brunch bonanza', ""the grandma's kitchen sampler"", 'the spicy sweet and savory fiesta!', 'the great gastronomical adventure!', 'the great american cookout!', 'the great outdoorsy feast!']"
asian,moms,"[[14104.25, 389.1, 1285.05, 341.35, 35.215, 999, 62], [13151.0, 711.9, 886.0, 368.25, 76.3425, 795, 25], [13120.25, 399.775, 1012.875, 665.425, 61.8925, 860, 46], [13480.75, 652.45, 924.1, 739.5, 78.515, 430, 24], [13801.0, 776.825, 674.575, 1102.925, 86.1575, 970, 70], [14595.25, 428.825, 984.075, 1004.3, 53.8, 1120, 55], [13169.75, 475.475, 911.95, 830.525, 49.4325, 704, 68], [13239.25, 561.8, 1076.0, 242.5, 50.67, 315, 47], [14956.6, 555.7, 757.35, 1453.65, 64.725, 374, 46], [14774.0, 654.1, 933.15, 842.9, 77.25, 1078, 38], [13784.25, 485.5, 1016.5, 541.2, 52.5, 624, 58], [13410.75, 342.5, 627.075, 1533.875, 33.795, 880, 52], [13947.35, 444.625, 861.225, 1080.425, 34.165, 835, 66], [14859.5, 612.4, 930.725, 1005.65, 60.905, 417, 44], [14960.25, 442.85, 924.1, 1252.25, 37.93, 490, 118], [13069.1, 699.9, 765.75, 908.85, 87.6825, 760, 102], [14696.5, 573.225, 723.175, 1382.4, 67.955, 865, 85], [14083.2, 421.825, 954.35, 1123.25, 61.1025, 390, 73], [14002.0, 454.0, 1020.2, 727.25, 36.0325, 415, 39], [14897.5, 422.75, 882.475, 1288.95, 32.1925, 380, 53]]","['east-west fusion fiesta!', 'east-meets-west fusion feast', 'asian fusion fiesta!', 'east meets west fusion feast!', 'fiery fusion feast!', 'gingerly tangy teriyaki delight', 'east meets west: a fusion feast!', 'east meets west: a fusion of asian cuisine', 'east-west fusion feast!', 'the far east fusion fiesta!', 'taste of the pacific fusion', 'east meets west: a fusion of flavors!', 'indonesian peanut satay chicken skewer fiesta!', 'sausage egg roll fiesta bowl bonanza!', 'indonesian peanut satay chicken skewer fiesta!', 'bok choy fiesta fiesta!', 'fiesta foo young delight!', 'oriental fusion delight!', 'fiery far east fiesta!', 'the great chinese fusion feast!']"
bean bonanza,moms,"[[13724.0, 536.475, 782.2, 1210.3, 40.15, 465, 70], [13145.75, 267.7, 665.625, 1527.9, 20.91, 1295, 74], [14421.5, 417.325, 922.375, 1076.675, 38.195, 557, 61], [14369.75, 464.75, 386.225, 2149.35, 25.9325, 1685, 64], [13091.5, 478.225, 534.175, 1699.95, 31.5425, 2760, 80], [13450.0, 401.8, 967.525, 818.625, 31.5425, 740, 67], [13974.0, 675.125, 602.475, 1357.3, 53.35, 1430, 48], [13327.0, 349.3, 906.3, 1033.4, 28.855, 1493, 77], [13084.75, 335.575, 512.925, 1748.825, 35.4525, 640, 63], [13079.0, 585.45, 756.025, 953.05, 40.68, 845, 54], [13863.25, 733.325, 788.275, 944.15, 56.42, 1145, 68], [13939.0, 324.8, 960.225, 1033.45, 37.9775, 1120, 56], [13504.25, 412.61, 506.095, 1830.405, 24.8625, 2428, 76], [14409.5, 518.325, 910.45, 1042.0, 37.2475, 1475, 64], [14561.75, 362.7, 620.05, 1833.6, 25.485, 1535, 93], [14445.045, 476.3175, 339.5, 2271.15, 27.0925, 970, 52], [13477.25, 466.85, 857.0, 1062.85, 34.45, 1245, 72], [14217.0, 555.25, 525.35, 1744.4, 54.1525, 1353, 57], [14579.25, 584.175, 929.35, 1016.15, 47.9975, 1125, 64], [14150.25, 694.45, 736.675, 1170.575, 45.8875, 1257, 57]]","['the fiesta fiesta meal plan!', 'southwest fiesta fusion', 'the great garden feast!', 'the plant-based fiesta!', 'fiesta of flavorful feasts!', 'the fiesta fiesta fiesta!', 'the kosher fiesta!', 'the mad bean fiesta!', 'the fiesta of flavors!', 'the burrito bonanza!', 'the eclectic fiesta!', 'fiesta fiesta black bean and corn salad surprise!', 'molletes fiesta fiesta!', 'fiesta fiesta three bean salad bonanza!', 'fiesta fiesta green bean casserole bonanza!', 'the unsloppy sloppy bean-hole breakfast!', 'the global fiesta!', 'the eclectic bean bonanza!', 'global fusion fiesta!', 'fiery fiesta fiesta!']"
beef dishes,moms,"[[13227.5, 974.75, 803.0, 493.7, 65.0625, 1750, 43], [13952.75, 883.975, 781.275, 827.1, 64.3325, 1720, 45], [13054.75, 834.0, 814.925, 529.2, 73.4725, 1290, 40], [14045.25, 964.65, 811.3, 665.65, 73.895, 2460, 54], [14221.0, 859.8, 773.325, 817.3, 82.8675, 1775, 48], [13817.0, 991.5, 785.225, 600.4, 96.4425, 2105, 54], [14362.75, 897.875, 731.95, 943.85, 64.915, 1895, 48], [14715.0, 963.775, 835.275, 832.2, 78.835, 2010, 53], [14432.0, 928.25, 785.3, 870.6, 61.8525, 1970, 45], [13987.75, 994.475, 797.275, 626.675, 96.35, 2095, 42], [14671.5, 1082.65, 838.8, 630.45, 71.4575, 2285, 55], [14907.0, 1013.875, 883.975, 712.4, 71.555, 2055, 48], [14660.5, 907.3, 895.625, 645.075, 102.7775, 2175, 65], [13696.0, 905.0, 726.25, 811.375, 70.6875, 1620, 47], [13056.25, 795.6, 684.725, 765.4, 89.17, 1460, 48], [13952.75, 883.975, 781.275, 827.1, 64.3325, 1720, 45], [13279.75, 905.45, 855.225, 359.35, 85.675, 1355, 49], [13855.75, 849.05, 791.55, 744.75, 64.8575, 2084, 39], [13201.0, 794.475, 691.05, 855.65, 58.3875, 1705, 48], [13856.0, 714.1, 732.225, 1011.775, 94.39, 1890, 60]]","['the global brisket bonanza!', 'the jewish-asian fusion feast!', 'the worldly palate platter', 'a taste of jewish traditions', 'the beefy brunch bonanza!', 'the beefy bonanza!', 'the all-american beef bonanza!', 'the eclectic feast of beef!', ""fusion of flavors: grandma's pot roast and sweet & sour brisket with korean ground beef and barbecued beef!"", 'the savory and sweet feast', ""the grandma's best variety platter"", ""mama's meaty medley"", 'savory beef-flavored gravy fiesta!', ""mckagen's beef jerky fiesta fiesta!"", 'savory beef-flavored gravy fiesta fiesta!', 'the jewish-ginger-stew extravaganza!', 'the international beef bonanza!', 'the global grill-off!', 'the eclectic beef bonanza!', 'the decadent beef bonanza!']"
beginner-friendly,moms,"[[14764.5, 618.175, 985.025, 722.325, 53.3, 560, 44], [14929.75, 290.825, 1031.075, 1063.925, 23.195, 850, 97], [13770.75, 263.225, 600.725, 1733.35, 19.205, 880, 128], [13342.25, 417.225, 752.8, 1159.525, 37.9525, 1450, 126], [13404.5, 770.64, 579.63, 848.8, 66.4825, 775, 44], [14774.5, 709.9, 784.95, 865.85, 88.1475, 503, 90], [14866.5, 271.95, 766.875, 1669.925, 21.1625, 1060, 63], [14121.25, 275.6, 783.75, 1557.25, 21.35, 252, 52], [13108.5, 392.175, 512.325, 1620.2, 30.9975, 475, 63], [13101.5, 400.9, 957.975, 556.775, 54.6825, 1355, 60], [14862.25, 230.275, 642.8, 1989.175, 21.495, 920, 142], [14968.75, 447.95, 853.7, 1317.3, 35.2775, 1020, 110], [13432.25, 415.725, 595.5, 1395.075, 37.465, 1190, 111], [13351.75, 482.9, 585.55, 1332.5, 40.1375, 548, 91], [13848.5, 262.3, 538.575, 1991.8, 20.9975, 235, 96], [14784.75, 276.075, 579.125, 2122.175, 30.43, 505, 102], [13320.75, 390.775, 794.25, 1151.175, 36.675, 698, 76], [13627.25, 480.425, 963.775, 634.05, 44.2775, 518, 66], [13228.5, 309.5, 617.75, 1587.25, 48.765, 875, 62], [13006.75, 401.525, 679.4, 1274.775, 28.135, 490, 63], [14771.0, 669.825, 698.775, 1326.6, 50.71, 557, 79], [14305.5, 260.925, 523.875, 2115.975, 22.425, 410, 100], [14702.5, 427.95, 659.725, 1596.05, 39.9525, 740, 99], [14559.25, 306.5, 550.75, 1931.5, 34.01, 640, 99], [14784.75, 276.075, 579.125, 2122.175, 30.43, 505, 102], [13224.75, 388.6, 600.5, 1363.575, 37.315, 1135, 108], [14702.5, 427.95, 659.725, 1596.05, 39.9525, 740, 99], [14778.0, 229.375, 561.85, 2218.875, 25.715, 625, 110], [13813.5, 427.95, 680.4, 1413.675, 32.865, 515, 83], [14645.5, 319.75, 624.25, 1769.475, 32.4375, 1150, 124], [13560.0, 762.35, 883.35, 470.05, 45.4075, 335, 66], [13736.25, 287.75, 467.9, 2038.575, 29.3875, 545, 78], [13220.0, 609.3, 784.675, 1084.6, 46.2925, 1505, 69], [13204.25, 369.775, 922.925, 790.225, 34.8075, 825, 51], [13013.0, 412.25, 846.65, 805.65, 33.35, 800, 53], [14843.25, 473.7, 834.95, 1233.7, 38.9675, 415, 61], [14559.25, 306.5, 550.75, 1931.5, 34.01, 640, 99], [13805.75, 414.025, 652.55, 1538.075, 38.8975, 708, 96], [13589.75, 187.95, 615.15, 1789.1, 27.2375, 605, 128], [13886.0, 446.0, 611.45, 1584.55, 33.8675, 435, 100]]","['taste of the tropics breakfast fiesta!', ""grandma's sweet & savory delight!"", 'the love & comfort food fiesta!', 'the eclectic culinary adventure!', 'the grand feast of grandmas and gourmet!', 'the mediterranean fusion feast', 'the festive feast of floury favorites!', 'campfire comfort feast', 'the international corny comfort food feast', 'the brunch bunch bonanza!', 'sweet tooth delight!', 'the sweet and savory supper spectacular!', 'sweet and savory delights', 'the sweet & savory surprise!', 'sweet & savory surprise!', 'sweet and savory delights!', 'the sweet and savory sensation!', 'waffle cone fiesta bowls', 'belgian pearl sugar waffle fiesta', 'fluffy buttermilk pancake party', 'savory strata surprise!', 'chocolate chip cookie dough protein bite fiesta!', 'chocolate chip cookie dough fiesta fiesta!', 'for fun', 'eat more', 'love what I got', 'more the merrier', 'eat more food always', 'chocolate chip cookie dough fiesta fiesta frenzy!', 'chocolate chip cookie dough fiesta fiesta frenzy!', 'the all-american fusion feast!', 'the muffin-celeriac-ginger-hollandaise-omelet-saucy-chicken-burger bonanza!', 'the eclectic feast', 'the eclectic brunch bonanza!', 'taste of the south', 'the unconventional culinary adventure!', 'the sweet and savory delight!', 'the sweet & savory delight plan', 'the sweet and savory snack-tacular!', 'tasty treats for the whole family!']"
cajun,moms,"[[14594.5, 539.3, 1041.675, 462.475, 90.0125, 1522, 52], [14049.0, 708.3, 815.6, 589.45, 95.4575, 1772, 58], [13013.75, 838.5, 505.975, 706.1, 112.175, 1570, 50], [13650.0, 859.6, 596.3, 563.0, 118.74, 819, 60], [14721.6, 512.6, 1020.875, 514.225, 86.2825, 1535, 52], [13958.75, 887.2, 710.625, 520.175, 121.8175, 1680, 62], [13590.0, 542.2, 861.075, 540.475, 83.1325, 1520, 52], [13803.25, 729.925, 668.375, 762.9, 111.0525, 1552, 48], [14746.35, 776.95, 738.25, 635.6, 99.49, 1779, 56], [14161.5, 584.925, 880.2, 600.1, 85.64, 1595, 58], [13043.5, 657.275, 778.3, 550.75, 92.03, 1747, 56], [13853.75, 851.275, 777.8, 432.7, 105.1025, 1939, 60], [13974.5, 735.05, 762.775, 541.4, 111.9025, 1512, 44], [13811.75, 804.925, 691.85, 501.4, 107.6025, 1705, 58], [14074.25, 740.4, 734.6, 521.1, 103.67, 647, 54], [14750.5, 982.425, 642.35, 519.65, 134.2875, 964, 68], [14070.5, 901.175, 583.775, 570.825, 124.0625, 1865, 72], [14298.0, 864.125, 738.225, 546.525, 112.345, 2375, 76], [14080.35, 719.275, 824.9, 472.0, 96.8625, 1535, 48], [13976.75, 845.8, 651.5, 527.5, 104.175, 2094, 68]]","['the louisiana adventure', 'the big easy spice-fest!', 'the spicy creole seafood fiesta!', 'the big easy delight!', 'the louisiana spice-fry extravaganza!', 'cajun craze cuisine', 'the louisiana heatwave!', 'cajun carnival cuisine', 'the louisiana spice tour!', 'cajun creole carnival!', 'the louisiana fiesta!', 'cajun creole carnival!', 'the louisiana spicy seafood extravaganza!', 'the louisiana bayou feast', 'fiesta fiesta savory beef-stuffed biscuit bonanza!', 'fiesta fiesta savory sausage and cheese pie surprise!', 'the big easy bonanza!', ""the big easy feast: spicy chicken jerky new orleans creole gumbo and momma's chicken and sausage gumbo with a healthier slow cooker twist!"", 'the louisiana bayou bash!', 'cajun creole cuisine extravaganza!']"
chicken creations,moms,"[[13471.75, 526.025, 943.75, 741.55, 48.09, 235, 35], [13426.25, 427.825, 885.125, 697.95, 32.3775, 815, 44], [14151.0, 410.2, 791.4, 949.3, 46.7775, 475, 46], [13596.0, 516.45, 1015.4, 427.5, 50.875, 1273, 41], [13293.65, 773.4, 572.125, 1140.55, 60.765, 1111, 42], [13484.5, 540.585, 934.87, 749.48, 40.725, 735, 53], [14767.0, 525.625, 1025.175, 793.325, 43.7575, 1075, 38], [14611.5, 686.325, 748.325, 1160.55, 61.0425, 1500, 67], [13889.25, 296.375, 958.875, 569.525, 48.785, 785, 52], [13963.75, 645.375, 897.4, 645.975, 56.415, 1300, 43], [14580.5, 863.15, 736.625, 565.875, 84.1925, 375, 44], [13627.25, 606.125, 671.35, 724.725, 65.2375, 425, 48], [14405.25, 595.4, 837.85, 783.8, 77.42, 850, 51], [13382.5, 576.21, 787.62, 846.68, 44.49, 930, 36], [13524.25, 210.75, 1208.05, 421.15, 20.2125, 451, 22], [13604.25, 401.35, 981.975, 633.275, 35.8625, 360, 48], [14050.75, 666.725, 829.15, 580.4, 45.935, 1505, 82], [13827.25, 411.85, 969.9, 402.15, 60.2275, 675, 50], [13131.75, 610.475, 916.825, 549.225, 45.1375, 340, 50], [14643.5, 381.1, 1095.475, 546.425, 41.835, 405, 42]]","['fiesta fowl feast', 'fiesta fiesta fiesta chicken fiesta!', 'comforting kitchen delight', ""the cluckin' crazy combo!"", 'the grand fusion feast', 'feast of fowl and fancies', 'tropical southern fiesta!', ""flockin' delicious!"", 'fiesta fowl feast!', 'fiesta fiesta chicken tortilla soup surprise!', 'fiesta fiesta chicken quesadilla fiesta!', 'fiesta fiesta crispy chicken carnitas bonanza!', 'spicy gluten-free chicken cheddar waffle fiesta with blackberry-maple syrup surprise!', 'buffalo chicken omelette fiesta fiesta!', 'verde chilaquiles fiesta fiesta!', ""cluckin' crazy cuisine!"", 'feast of fowl', 'fiesta fiesta chicken!', ""flockin' fabulous feast!"", 'fiesta fiesta fiesta chicken!']"
coastal cuisine,moms,"[[14521.75, 500.725, 864.9, 766.45, 83.745, 315, 48], [13679.25, 462.85, 835.075, 658.775, 77.23, 300, 32], [14414.25, 531.575, 869.95, 963.425, 80.7325, 310, 50], [13208.75, 430.15, 758.15, 649.95, 82.9525, 675, 48], [14703.75, 501.225, 865.1, 813.05, 84.895, 420, 56], [13415.25, 524.6, 854.925, 790.625, 76.73, 280, 40], [14306.75, 527.9, 856.05, 986.525, 82.005, 940, 54], [14268.5, 417.5, 1442.225, 1197.1, 76.86, 1330, 58], [14298.25, 476.0, 1001.875, 762.025, 86.63, 430, 48], [14059.25, 465.15, 849.675, 725.775, 79.455, 420, 44], [13575.0, 416.0, 1455.5, 1021.6, 72.66, 745, 48], [13597.25, 525.1, 855.125, 837.225, 77.88, 385, 48], [14116.25, 475.5, 1001.675, 715.425, 85.48, 325, 40], [13425.75, 414.875, 825.975, 954.625, 74.0475, 790, 44], [13162.75, 446.35, 826.075, 872.2, 74.2875, 340, 46], [14018.25, 527.975, 841.15, 922.625, 78.5825, 280, 42], [13000.25, 538.075, 772.7, 465.55, 84.56, 210, 40], [13663.75, 557.075, 841.55, 837.1, 80.02, 310, 44], [14925.75, 532.575, 856.475, 1092.325, 83.7825, 850, 52], [14200.25, 528.475, 841.35, 969.225, 79.7325, 385, 50]]","[""lemon-lovin' seafood sampler"", 'island-style comfort food bonanza!', 'tropical tango fusion!', 'tropical fiesta of flavors', 'tropical island clam chowder fiesta!', 'tropical island fusion feast', 'the island getaway platter', 'tropical fiesta fiesta!', 'tropical citrus seafood extravaganza!', 'tropical tastes of the south!', 'the citrusy and spicy seafood fiesta!', 'tropical tastebud temptations!', 'citrusy seafood extravaganza!', 'taste of the tropics: a citrusy fusion of seafood chicken and sangria!', 'tropical citrus fusion!', 'tropical tango fiesta!', 'tropical tastebud temptations', 'tropical island fusion feast', 'tropical luau fiesta!', 'tropical fusion fiesta!']"
comfort food,moms,"[[13202.0, 571.175, 582.4, 1367.9, 49.235, 345, 36], [13758.0, 580.075, 612.5, 1419.3, 52.46, 475, 34], [14453.5, 584.075, 647.5, 1523.9, 55.3525, 475, 34], [13719.5, 558.325, 622.4, 1444.1, 50.1575, 500, 36], [13390.25, 580.925, 565.25, 1464.85, 53.945, 360, 34], [13342.5, 572.975, 634.0, 1291.0, 49.3525, 305, 30], [14220.0, 585.075, 610.0, 1542.9, 54.21, 500, 32], [13714.0, 561.875, 604.9, 1447.2, 50.33, 440, 32], [13278.0, 575.275, 594.0, 1352.4, 53.31, 315, 32], [13109.0, 573.975, 596.5, 1310.0, 48.21, 330, 28], [13336.0, 583.875, 623.0, 1298.6, 48.94, 325, 30], [14220.0, 585.075, 610.0, 1542.9, 54.21, 500, 32], [14220.0, 585.075, 610.0, 1542.9, 54.21, 500, 32], [13499.0, 573.075, 619.5, 1372.9, 52.14, 615, 32], [13499.0, 573.075, 619.5, 1372.9, 52.14, 615, 32], [13928.5, 578.575, 643.0, 1395.05, 53.27, 485, 34], [14715.0, 606.475, 640.5, 1556.7, 57.86, 465, 34], [13928.5, 578.575, 643.0, 1395.05, 53.27, 485, 34], [13163.25, 571.025, 538.75, 1476.25, 53.215, 365, 32], [13336.0, 583.875, 623.0, 1298.6, 48.94, 325, 30]]","[""tastebud tour of shepherd's pie!"", 'the comforting classics collection', 'the comforting classics combo!', 'the comforting classics platter', ""the shepherd's pie surprise!"", ""a taste of home: brioche french toast daddys way shepherds pie traditional shepherds pie and laurie's shepherds pie."", ""the shepherd's delight!"", 'the comforting classics feast!', 'tastes of the past: a trio of shepherds pie and brioche french toast', ""the grand shepherd's feast!"", ""the shepherd's feast!"", 'a taste of home cooking: brioche french toast supreme shepherds pie hearty beef stew with dumplings and traditional shepherds pie.', ""the shepherd's table delight!"", 'the comforting classic combo!', 'the comforting classics feast!', ""taste of grandma's kitchen"", 'savory sunday supper!', ""mama's comforting comfort food feast"", ""the epic shepherd's feast!"", ""the shepherd's pie extravaganza!""]"
date night dinners,moms,"[[14789.75, 821.33, 768.135, 996.015, 69.75, 914, 66], [13131.0, 449.55, 468.975, 1566.85, 71.265, 850, 40], [13003.25, 270.25, 751.125, 1204.5, 64.24, 280, 45], [13781.25, 384.25, 945.175, 946.575, 40.29, 475, 50], [14238.5, 606.575, 994.95, 658.975, 53.78, 810, 37], [14021.25, 298.725, 655.0, 1746.5, 34.67, 317, 52], [13888.85, 482.475, 697.85, 1326.6, 50.2475, 245, 40], [13326.0, 269.0, 718.975, 1426.35, 28.2025, 470, 68], [13638.0, 248.325, 747.95, 1467.3, 35.83, 500, 86], [14011.25, 455.0, 721.95, 1335.525, 44.8275, 385, 73], [13384.75, 575.35, 679.075, 1128.2, 63.9175, 970, 56], [13813.25, 536.6, 634.95, 1339.75, 50.64, 1115, 66], [14500.0, 421.625, 651.6, 1525.45, 80.125, 464, 85], [13614.85, 443.4, 863.825, 1030.05, 72.5975, 332, 54], [14255.0, 491.325, 685.2, 1324.65, 35.465, 880, 55], [14765.0, 888.25, 833.7, 886.5, 61.455, 380, 52], [14307.5, 466.75, 673.35, 1501.4, 42.095, 710, 135], [13707.9, 371.625, 566.025, 1739.725, 45.6075, 315, 44], [14251.75, 384.15, 780.425, 1383.575, 60.93, 785, 85], [14006.5, 337.925, 672.575, 1658.075, 58.2325, 825, 98], [13628.0, 378.125, 479.7, 1802.925, 42.54, 1015, 100], [14050.0, 256.25, 429.725, 2280.375, 37.6275, 485, 89], [14839.0, 478.15, 851.35, 1247.45, 46.785, 1545, 77], [13931.0, 763.3, 697.225, 867.25, 31.2675, 2650, 63], [14818.25, 484.5, 627.3, 1809.375, 50.43, 965, 65], [13281.5, 363.15, 683.7, 1525.45, 41.7575, 910, 67], [14091.5, 619.425, 632.05, 1405.325, 103.665, 1369, 62], [14433.0, 489.1, 486.5, 1891.5, 55.22, 380, 57], [13111.55, 402.775, 823.85, 965.95, 38.43, 455, 52], [13282.0, 169.825, 743.875, 1579.425, 52.8875, 1510, 60], [14338.25, 451.375, 503.975, 1966.425, 56.97, 454, 98], [13983.0, 437.7, 869.675, 990.15, 58.75, 1150, 58], [14581.58333, 332.4333333, 519.9666667, 2128.266667, 34.00333333, 821, 47], [14375.75, 333.975, 1014.1, 889.175, 38.555, 835, 96], [13441.75, 418.96, 751.97, 1259.63, 55.935, 380, 50], [14727.0, 330.6, 833.825, 1429.05, 43.665, 785, 56], [14666.0, 696.7, 871.75, 862.75, 59.095, 690, 64], [13372.0, 264.325, 610.55, 1736.875, 26.59, 335, 72], [14426.25, 642.85, 1015.1, 597.15, 84.4925, 1149, 99], [13229.25, 522.85, 684.975, 1189.125, 50.55, 810, 58]]","['a taste of the wild west!', 'the emerald feast!', 'the gourmet garden feast', 'tasty tropical treats', 'tropical fusion feast!', 'the sweet and savory sampler platter', 'autumnal aromas: cinnamon roll waffle chirashi bowl fresh sugar pumpkin pie pork medallions with balsamic vinegar and capers and instant pot pork chops.', 'the savory-sweet surprise platter', 'tropical holiday fusion', 'the lucky seven feast', 'a taste of the southwest fiesta!', 'the festive feast of flavorful fusion!', 'gingerly gourmet gala!', 'tropical fiesta feast!', 'the emerald feast', 'the global fusion fiesta!', 'tropical fiesta fusion!', 'the sweet & savory fiesta!', 'the eclectic epicurean extravaganza!', 'a taste of passover: sweet and savory delights!', 'autumn fiesta!', 'santa maria fiesta!', 'the island adventure', 'fiesta fries fiesta fiesta!', 'strawberry swirl frosting fiesta!', 'chorizo-stuffed migas fiesta fiesta!', 'jam-filled overnight oats fiesta!', 'pancake pop fiesta fiesta!', 'cinnamon swirl pancake fiesta!', 'fiesta churros fiesta fiesta!', 'paleo omelet muffin fiesta fiesta!', 'pb&j french toast fiesta fiesta!', 'irish raisin-studded soda bread fiesta!', 'fiesta tempura dipping sauce fiesta fiesta!', 'cinnamon swirl pancake fiesta fiesta!', 'summery sweet & savory delight', 'fiesta fusion feast!', 'taste of autumn delight', 'the epicurean adventure', 'festive french fling!']"
detoxifying,moms,"[[13459.25, 325.95, 694.3, 1468.1, 52.775, 260, 99], [13760.75, 320.75, 743.0, 1440.65, 54.765, 510, 119], [14588.0, 365.05, 624.8, 1886.6, 57.3375, 860, 93], [14912.0, 365.625, 736.95, 1716.325, 56.495, 930, 166], [13898.5, 259.2, 696.8, 1698.3, 38.3775, 1070, 95], [14423.0, 390.85, 651.15, 1781.95, 53.5675, 505, 104], [14864.0, 528.75, 779.95, 1409.5, 68.6575, 1220, 96], [13806.25, 206.35, 662.5, 1777.45, 32.86, 830, 162], [13255.75, 311.975, 739.5, 1316.075, 55.8425, 735, 132], [14645.5, 219.95, 753.4, 1837.65, 31.5225, 440, 116], [14195.75, 390.35, 676.05, 1606.8, 62.135, 800, 143], [14792.5, 187.95, 654.25, 2116.1, 26.2125, 665, 176], [14942.0, 383.125, 642.1, 1939.025, 64.315, 1225, 165], [13415.0, 108.95, 715.95, 1735.9, 21.7875, 390, 171], [14432.0, 181.9, 735.35, 1811.05, 28.0375, 1040, 164], [14067.25, 234.75, 523.05, 2102.75, 41.55, 1270, 158], [14794.5, 287.4, 790.1, 1662.05, 41.9875, 300, 124], [13151.0, 93.75, 712.95, 1665.25, 15.7825, 445, 226], [13519.5, 248.7, 590.7, 1911.35, 38.9825, 835, 175], [13266.0, 185.35, 603.55, 1847.05, 30.5125, 810, 153]]","['deliciously unexpected delights', 'the sweet and spicy fusion plan', 'the sweet and sour supper spectacular!', 'sweet and savory sensations!', 'the sweet and savory stew-fest!', 'caramel-covered fiesta fiesta!', 'caramel-covered fiesta fiesta fiesta!', 'caramel-covered fiesta fiesta frenzy!', 'carmel and some fun', 'something else', 'micahs mealplan', 'caramel-covered fiesta fiesta fiesta frenzy!', 'sweet & savory sensations', 'the sweet and savory delight plan', 'the sweet and savory smorgasbord!', 'the eclectic epicurean adventure!', 'the sweet and sour sensation', 'the sweet and savory fiesta!', 'the rainbow of flavors meal plan', 'sweet and savory spice sensation']"
eggcellent recipes,moms,"[[14281.25, 383.3, 1043.275, 900.75, 22.9575, 1178, 58], [13800.75, 310.085, 779.37, 1389.055, 30.8675, 420, 67], [14592.25, 394.35, 951.75, 1044.2, 31.66, 1065, 66], [13818.25, 400.05, 907.025, 948.875, 32.205, 1515, 32], [13341.5, 382.875, 775.225, 1129.25, 17.8175, 300, 34], [14126.5, 487.05, 881.3, 1048.95, 41.9625, 906, 39], [13548.25, 471.55, 951.725, 748.3, 33.57, 332, 58], [13859.25, 429.0, 1097.4, 535.15, 31.195, 805, 43], [14222.85, 359.5, 1040.45, 834.7, 26.9275, 1115, 71], [13408.0, 532.125, 1125.725, 298.375, 38.6525, 406, 44], [13994.0, 390.545, 656.99, 1629.51, 28.0975, 420, 90], [13691.25, 388.4, 884.975, 1061.55, 31.2625, 425, 48], [13100.5, 330.075, 904.8, 828.575, 27.34, 295, 58], [13151.0, 359.255, 800.135, 1139.44, 20.8625, 255, 44], [14226.5, 451.425, 813.375, 1323.55, 34.455, 1055, 61], [13981.35, 476.9, 874.275, 925.325, 35.0875, 610, 60], [14200.25, 345.35, 1007.375, 927.575, 27.7475, 1110, 58], [14163.5, 561.175, 796.5, 1169.3, 46.235, 463, 59], [14350.75, 328.525, 867.2, 1312.8, 27.51, 536, 53], [13995.5, 622.225, 1058.1, 482.8, 37.57, 265, 30]]","['the fiesta fusion feast!', 'feast of the four seasons!', 'tater tot temptations!', 'the eclectic egg extravaganza!', 'feast of the fluffy fiery and fabulous!', 'brunch bonanza!', 'the savory snack-tacular!', 'the egg-cellent adventure meal plan', 'global potato palooza!', 'egg-cellent extravaganza!', 'tasteful treats and savory surprises!', 'the eclectic brunch extravaganza!', 'the unconventional epicurean adventure!', 'the savory spinach surprise!', 'merry brunch fiesta!', 'german apple pancake fiesta fiesta!', 'the island brunch platter', 'the international brunch bonanza!', ""grandma's comfort fusion!"", 'the brunch-o-rama!']"
european,moms,"[[13106.5, 560.7, 653.8, 1077.3, 68.3525, 502, 30], [13765.5, 605.3, 819.85, 802.2, 71.29, 445, 76], [13523.0, 369.7, 690.75, 1382.6, 31.8225, 507, 82], [13090.0, 439.05, 565.65, 1509.1, 43.1275, 532, 37], [13371.5, 342.2, 599.85, 1657.6, 31.11, 422, 71], [13371.5, 342.2, 599.85, 1657.6, 31.11, 422, 71], [13051.0, 583.7, 638.3, 1102.95, 69.735, 482, 31], [13516.0, 513.65, 563.55, 1538.85, 42.895, 522, 39], [13821.0, 653.8, 797.3, 805.05, 71.4925, 570, 76], [14913.5, 654.8, 853.4, 980.25, 73.6025, 560, 80], [13630.0, 548.4, 797.45, 888.35, 68.0575, 435, 72], [13149.0, 566.7, 632.0, 1144.2, 70.0375, 562, 37], [13371.5, 342.2, 599.85, 1657.6, 31.11, 422, 71], [14106.0, 650.0, 687.7, 1152.45, 74.145, 572, 37], [13313.0, 542.9, 623.1, 1265.0, 67.155, 502, 35], [13949.5, 715.45, 670.5, 1128.25, 80.5675, 565, 37], [13145.5, 487.55, 543.1, 1511.95, 43.33, 657, 37], [14913.5, 654.8, 853.4, 980.25, 73.6025, 560, 80], [13152.5, 343.6, 670.3, 1355.7, 32.2575, 642, 80], [13562.5, 376.1, 637.75, 1545.8, 32.96, 452, 74]]","['scandinavian comfort food fiesta!', 'global comfort cuisine', 'scandinavian fusion feast', 'the international feast of comfort food!', 'the great european feast!', 'the european comfort food extravaganza!', 'the international feast of flavors!', 'the european fusion feast!', 'the euro-fusion feast!', 'european fusion cuisine', 'scandinavian-celtic fusion feast', 'the eastern european extravaganza!', 'the international potato fiesta!', 'the international feast of comfort foods', 'norwegian waffle fiesta fiesta!', 'the international potluck platter!', 'the international feast of deliciousness!', 'the nordic-hungarian fusion feast!', 'the scandi-hungarian fusion feast!', 'the international feast of flavors']"
family-friendly,moms,"[[14182.5, 566.575, 718.4, 1310.875, 45.9375, 775, 63], [13869.25, 583.45, 795.0, 1026.25, 40.885, 550, 48], [14111.5, 377.5, 520.3, 1994.0, 35.8775, 1044, 83], [13691.25, 824.4, 826.275, 497.525, 59.255, 650, 71], [13650.5, 257.025, 912.725, 1176.2, 25.5225, 645, 72], [13299.25, 479.325, 922.325, 814.925, 43.72, 710, 62], [13421.5, 540.5, 998.85, 418.3, 56.065, 715, 55], [14332.5, 447.825, 562.05, 1868.775, 32.4425, 1675, 66], [13685.25, 710.675, 821.0, 696.1, 56.47, 925, 36], [14461.0, 459.425, 1139.225, 568.55, 37.56, 436, 60], [13906.25, 553.875, 979.25, 582.85, 39.84, 355, 43], [14347.5, 319.425, 959.35, 1125.575, 35.695, 366, 49], [14947.0, 303.0, 1023.025, 1162.225, 32.925, 670, 58], [13095.5, 229.125, 741.35, 1385.35, 26.7375, 255, 72], [14432.75, 660.75, 969.25, 720.5, 55.9575, 355, 68], [13111.0, 379.4, 731.85, 1214.0, 29.635, 345, 56], [14699.1, 529.225, 861.275, 1125.5, 43.13, 1240, 53], [13269.5, 326.025, 494.25, 1867.825, 37.9975, 878, 98], [13796.0, 614.725, 762.225, 781.95, 53.43, 862, 45], [13641.75, 579.075, 759.875, 1064.875, 45.2275, 1495, 79]]","['the italian-american fusion feast!', 'tastes of the south fiesta!', 'autumnal aromas and tastes', 'the aromatic a-list: quiche florentine chef johns corn tortillas rachels cranberry chicken salad simply egg salad rosemary braised lamb shanks poochie meat cakes and gar', 'the great potato extravaganza!', 'the sweet and savory fiesta!', 'the eclectic brunch spread!', ""grandma's global gourmet"", 'the brunchy brunch-fest!', 'peanut butter cookie fiesta fiesta!', 'savory spinach and cheese quiche fiesta!', 'fiesta fiesta pannekaken pancake party!', 'cinnamon roll fiesta fiesta!', 'tropical fiesta fusion!', 'the breakfast bonanza!', 'the unconventional epicurean adventure!', 'feast of the far-flung flavors', 'tropical taste adventure!', 'the great gastronomic adventure!', 'the variety platter']"
french,moms,"[[14057.5, 487.7, 894.05, 970.9, 62.5575, 1177, 53], [14230.5, 572.95, 692.4, 1305.675, 100.75, 825, 39], [14784.75, 440.65, 760.05, 1513.325, 38.6625, 1135, 32], [13812.0, 609.55, 971.3, 605.75, 41.765, 577, 40], [14098.5, 866.15, 868.0, 436.65, 98.9525, 590, 35], [13461.0, 541.95, 512.0, 1607.575, 40.9625, 1265, 44], [13036.75, 350.175, 903.575, 858.225, 39.2475, 708, 50], [14971.75, 572.675, 966.725, 899.725, 52.105, 1840, 52], [13494.0, 239.925, 726.6, 1534.15, 23.4375, 710, 45], [14407.25, 473.6, 962.3, 897.625, 49.1875, 1302, 49], [14227.75, 382.65, 742.25, 1454.8, 43.69, 783, 76], [13823.25, 663.475, 791.0, 923.9, 92.6925, 720, 81], [13696.0, 238.65, 595.4, 1831.85, 20.0675, 910, 40], [14542.0, 509.1, 669.6, 1530.05, 46.4325, 1418, 49], [13885.25, 542.65, 1023.55, 531.975, 54.6975, 1257, 44], [13433.5, 499.525, 752.05, 1125.925, 67.455, 492, 45], [14701.0, 428.65, 710.45, 1603.275, 90.485, 885, 80], [13719.25, 309.6, 697.9, 1557.125, 32.185, 845, 66], [14528.5, 674.175, 831.375, 946.45, 75.635, 1835, 58], [14325.75, 726.2, 804.725, 968.8, 98.605, 1230, 61]]","['gastronomic gala of french fare', 'gourmet french fusion feast', 'the holiday brunch bonanza!', 'rosemary lamb and apple delight', 'savory and sweet supper spectacular!', 'a taste of france: french toast lamb shanks country bread plum torte and lobster bisque.', 'the epicurean delight!', 'the french-canadian fusion feast!', 'gourmet gala of french delights', 'the epicurean odyssey', 'taste of the big easy', 'the savory symphony of lamb', 'mountain munchies', 'the ski and waffle extravaganza!', 'fiesta french toast brioche bonanza!', 'sweet french toast fiesta fiesta!', 'choux pastry fiesta fiesta!', 'festive french fry feast!', 'gourmet french fusion feast', 'the french fusion feast!']"
german,moms,"[[13929.0, 558.4, 632.65, 1411.3, 53.7425, 560, 41], [13476.75, 631.65, 670.325, 1018.125, 49.295, 1190, 41], [13301.0, 511.9, 675.3, 1177.55, 51.955, 1065, 51], [13320.0, 463.0, 776.95, 1047.0, 36.9475, 825, 49], [13110.0, 495.125, 759.7, 989.0, 43.79, 1720, 43], [13457.0, 430.7, 706.75, 1211.4, 36.8575, 695, 45], [13382.5, 464.2, 733.55, 1100.5, 40.6225, 1115, 47], [13184.5, 317.525, 710.75, 1327.75, 28.3825, 1190, 57], [14531.25, 496.85, 702.225, 1311.525, 38.455, 840, 59], [13589.25, 473.95, 684.775, 1148.275, 35.0425, 730, 39], [13030.5, 329.3, 732.35, 1224.05, 28.8875, 810, 45], [13184.5, 317.525, 710.75, 1327.75, 28.3825, 1190, 57], [13862.5, 438.925, 711.75, 1347.65, 37.7025, 1805, 63], [13844.75, 618.75, 651.975, 1101.575, 51.8625, 1155, 39], [14734.75, 664.375, 770.475, 1070.225, 53.1475, 1450, 51], [13602.75, 609.25, 428.025, 1612.175, 55.04, 540, 47], [14155.0, 501.9, 592.35, 1628.8, 46.5775, 630, 47], [13158.0, 638.6, 776.5, 778.65, 57.93, 825, 39], [14687.5, 697.025, 857.7, 917.75, 63.2, 1410, 49], [14761.5, 623.925, 797.65, 1157.95, 55.5625, 1465, 65]]","['the sauerkraut sizzle!', 'the germanic feast of delights!', 'oktoberfest oompah platter', 'the german festive feast!', 'the sauerkraut sampler', 'the german feast of flavor!', 'sauerkraut smorgasbord', 'oktoberfest of potatoes and sauerkraut!', 'sauerkraut spectacular!', 'the germanic delight!', 'oktoberfest sausage surprise!', 'oktoberfest feast of flavorful potatoes and sauerkraut!', 'sausage and sauerkraut sizzle fiesta!', 'sausage and sauerkraut sizzle fiesta fiesta!', 'sizzling sausage and sauerkraut fiesta!', 'the germanic feast of flavor!', 'the germanic feast', 'the germanic feast!', 'the germanic delight!', 'the bavarian bratwurst bonanza!']"
global fusion,moms,"[[13920.5, 416.85, 830.3, 1212.95, 46.675, 527, 50], [14603.5, 117.65, 204.025, 3113.425, 39.3575, 745, 273], [13053.25, 128.725, 181.85, 2817.65, 28.96, 230, 252], [13374.5, 342.5, 549.7, 1727.45, 48.5725, 312, 81], [13652.5, 406.55, 769.8, 1197.975, 60.105, 653, 56], [13106.35, 359.775, 644.9, 1419.05, 39.8125, 515, 66], [13960.85, 300.2, 424.6, 2309.9, 49.255, 770, 59], [14997.1, 578.8, 746.0, 1456.2, 46.17, 520, 56], [13769.0, 327.25, 496.1, 2008.55, 46.8625, 265, 52], [14741.45, 409.075, 713.95, 1653.275, 69.6875, 880, 85], [13720.5, 545.9, 940.925, 710.075, 82.41, 446, 81], [14578.0, 529.025, 782.95, 1310.85, 82.4625, 382, 88], [14557.1, 492.1, 642.675, 1758.1, 69.5175, 986, 86], [14139.0, 501.45, 646.475, 1634.05, 53.3825, 351, 48], [14809.5, 334.875, 460.0, 2202.85, 40.32, 1297, 136], [14975.25, 146.0, 217.525, 3196.2, 37.5575, 270, 261], [14472.5, 303.675, 214.6, 2909.975, 65.77, 300, 264], [13144.25, 314.575, 620.675, 1573.025, 41.8525, 565, 75], [13180.3, 430.475, 802.85, 1026.65, 61.4275, 1040, 62], [14668.5, 134.25, 220.6, 3168.6, 38.99, 390, 256]]","['the garden of delights', 'tropical fiesta fusion', 'mangolicious egg doner kebab fiesta!', 'the global gourmet adventure!', 'taste of the world adventure!', 'the summery sampler', 'tropical fusion delight!', ""the grandma's kitchen mix-up!"", 'the italian-irish fusion feast!', 'pepperoni roll fiesta fiesta!', 'fried sous vide egg yolk fiesta fiesta!', 'taste of the world platter', 'taste the world platter', 'mango-mania madness!', 'fiesta de sabores', 'tropical treats and holiday eats!', 'tropical fusion feast', 'the international fusion feast!', 'taste of the mediterranean fusion!', 'fruity fusion fiesta!']"
gourmet delights,moms,"[[14792.0, 426.9, 847.825, 1531.075, 56.035, 1360, 94], [14233.5, 319.4, 839.8, 1302.1, 32.1475, 555, 49], [13885.75, 451.575, 488.1, 1693.7, 99.125, 2890, 144], [14528.75, 320.4, 761.6, 1527.15, 46.9825, 902, 33], [13318.75, 265.975, 670.275, 1497.875, 43.9025, 1137, 86], [14916.75, 476.6, 867.15, 1221.7, 54.96, 1275, 167], [14187.5, 672.6, 897.4, 742.75, 72.8775, 605, 48], [14350.25, 302.375, 965.225, 1193.325, 37.445, 1400, 70], [13576.0, 425.35, 811.7, 1074.575, 48.1725, 535, 72], [14173.0, 361.8, 800.8, 1428.225, 37.82, 930, 64], [14853.25, 675.925, 866.275, 940.85, 62.685, 1010, 70], [14008.75, 403.425, 775.6, 1347.5, 40.1, 1055, 75], [14441.75, 524.5, 761.55, 1136.65, 69.965, 638, 28], [13581.25, 261.4, 936.275, 946.575, 34.12, 1985, 80], [14251.75, 569.875, 909.7, 859.275, 56.7875, 396, 102], [13657.0, 473.6, 862.35, 854.875, 41.2375, 1222, 72], [14676.25, 303.7, 551.95, 2086.05, 57.5, 279, 262], [13323.0, 412.075, 878.95, 1087.425, 47.7025, 240, 50], [14507.5, 570.1, 822.625, 1224.125, 90.86, 2080, 187], [14173.75, 445.875, 939.95, 1027.875, 45.3825, 1575, 98]]","['a festive fusion feast!', 'the unconventional platter', 'festive feast of flavors!', 'tantalizing treats & tasty temptations!', 'the lemon fudge oat-tastic extravaganza!', ""the grand adventurer's feast!"", 'the sweet and savory feast', 'the oaty potato sushi feast!', 'the fusion fiesta!', 'fiesta fiesta potato salad surprise!', 'cereal-crusted crispy fiesta fiesta!', 'almond flour pancake fiesta fiesta!', 'korean kalbi bbq ribs fiesta fiesta!', 'fiesta jam-filled overnight oats bonanza!', 'mighty granola fiesta fiesta!', 'bacon-baked bites fiesta fiesta!', 'tastebud temptations', ""'the epicurean extravaganza'"", 'the garden variety feast', 'the unconventional epicurean extravaganza!']"
grilling,moms,"[[14497.5, 566.475, 903.8, 915.45, 62.8075, 950, 42], [13842.75, 835.175, 901.4, 420.075, 98.425, 825, 38], [14295.1, 647.25, 937.35, 596.25, 60.8425, 525, 35], [13897.25, 838.2, 787.025, 416.9, 76.4475, 855, 94], [14843.25, 753.075, 685.375, 1213.375, 73.9675, 695, 42], [13007.05, 655.875, 702.175, 885.175, 62.165, 340, 33], [14575.0, 685.15, 627.825, 1336.275, 69.5625, 985, 57], [14488.0, 649.3, 525.85, 1512.15, 51.8975, 555, 43], [13140.5, 504.02, 845.465, 809.91, 45.43, 448, 41], [13882.25, 637.625, 934.3, 598.05, 55.3775, 330, 42], [13936.75, 747.47, 732.74, 963.21, 70.885, 833, 61], [13453.0, 475.05, 819.45, 938.65, 56.275, 654, 62], [13319.75, 510.75, 727.75, 1066.3, 44.19, 509, 48], [13283.0, 618.2, 571.0, 1328.75, 55.7825, 1300, 40], [14432.25, 691.15, 748.05, 1242.15, 56.42, 1475, 42], [13406.5, 506.5, 531.05, 1602.3, 36.95, 1138, 72], [13035.75, 572.15, 874.7, 521.3, 51.07, 1058, 58], [14011.5, 575.5, 751.225, 1033.4, 64.455, 2065, 56], [14517.5, 706.525, 890.125, 866.5, 89.225, 605, 45], [14571.75, 559.0, 616.9, 1497.4, 60.555, 1299, 58], [13897.25, 623.655, 882.885, 506.815, 88.0875, 1129, 70], [14712.35, 835.9, 886.35, 789.3, 97.06, 1395, 42], [13729.0, 662.62, 726.99, 900.135, 59.5975, 328, 65], [14854.5, 602.175, 747.625, 1262.875, 54.6175, 705, 72], [13929.1, 411.85, 693.55, 1395.925, 39.695, 1025, 72], [13695.75, 864.125, 835.7, 500.9, 108.6475, 850, 70], [14108.75, 833.85, 641.45, 1250.775, 94.2225, 1399, 92], [13564.75, 620.375, 904.55, 634.75, 68.2875, 1871, 56], [13741.0, 794.875, 765.775, 929.825, 81.34, 1195, 46], [14716.5, 808.225, 859.45, 830.3, 75.8675, 895, 42], [14949.75, 709.3, 1066.75, 615.6, 48.4225, 705, 44], [13510.75, 879.0, 898.125, 324.425, 69.2375, 1502, 48], [13658.5, 872.9, 718.4, 440.075, 42.2075, 1755, 42], [13755.75, 576.575, 914.175, 708.65, 63.545, 725, 84], [14012.0, 661.7, 697.9, 1145.175, 55.4525, 765, 43], [13159.5, 597.125, 810.75, 733.95, 51.2475, 440, 69], [13413.5, 711.525, 664.45, 956.6, 63.225, 1194, 40], [13366.5, 585.075, 749.55, 678.625, 67.3925, 1490, 126], [14007.9, 533.95, 571.25, 1522.3, 50.92, 525, 76], [14571.0, 774.175, 807.1, 859.4, 72.4625, 845, 77]]","['the great midwest bbq extravaganza!', 'the epicurean adventure!', 'savory summer supper spectacular!', 'the great game day grill-off!', 'the beachy bbq bonanza!', 'the emerald isle eats!', 'the great grub gala!', 'the spicy and savory sampler!', 'the unconventional feast', 'feast of flavors!', 'the hearth and home feast!', 'the sausage sizzle spectacular!', 'mountain-to-sea cast iron feast', ""the lucky leprechaun's feast"", 'taste of the world meal plan', 'the savory six-pack.', 'fiesta fusion feast!', 'the buffalo bonanza!', 'the italian-portuguese fusion fiesta!', 'fiesta fiesta tortilla soup surprise!', 'mexican chorizo fiesta fiesta!', 'slow-cooked kielbasa and beer boil-down', 'Meat and bites', 'salami-stuffed supper surprise!', ""sandy's sizzling sausage sizzle!"", 'salami-stuffed supper surprise!', 'smoked salmon quiche fiesta fiesta!', 'polenta fiesta fiesta surprise!', 'rosemary-roasted lamb leg fiesta!', 'roast beef and cheddar frittata fiesta!', 'slovak stuffed cabbage fiesta fiesta!', 'autumn harvest delight', 'fiery fiesta fusion', 'the spicy fiesta platter', 'the great american fusion feast!', 'the savory smorgasbord', ""the unconventional carnivore's delight!"", 'fiesta de la carne!', 'the international palate platter', 'the great outdoorsy fiesta!']"
high-fiber,moms,"[[13850.5, 338.825, 722.625, 1290.4, 39.1475, 705, 58], [13219.75, 210.525, 746.55, 1428.8, 16.4475, 350, 80], [13635.5, 229.15, 909.725, 1191.35, 15.2575, 235, 57], [14345.6, 202.175, 975.525, 1177.775, 18.8175, 1550, 82], [14399.0, 427.71, 582.345, 1587.955, 72.48, 1295, 89], [13401.76, 358.25, 460.225, 1955.85, 29.5225, 545, 122], [14620.75, 341.525, 990.3, 1033.95, 44.23, 775, 60], [13993.0, 438.225, 942.725, 798.25, 31.115, 590, 45], [14728.5, 339.375, 1038.9, 1049.325, 37.92, 805, 58], [13148.55, 343.225, 654.775, 1385.2, 31.7225, 1425, 83], [13193.75, 478.725, 641.575, 1349.35, 31.255, 215, 85], [14659.25, 255.5, 780.675, 1558.8, 21.3475, 515, 91], [14995.25, 340.525, 1071.4, 955.45, 37.06, 755, 70], [13828.75, 207.05, 1151.725, 733.175, 22.95, 700, 41], [13186.75, 313.025, 657.85, 1461.75, 27.475, 1935, 79], [13114.51, 311.375, 670.75, 1502.625, 36.06, 1485, 51], [13441.5, 492.1, 672.0, 1024.85, 41.06, 1543, 34], [13926.5, 310.025, 704.375, 1580.0, 32.4075, 935, 89], [14398.25, 191.985, 671.845, 1854.005, 26.45, 360, 118], [14656.5, 246.7, 1008.25, 1195.425, 29.4375, 570, 80]]","['tasty tex-mex fiesta!', 'autumn harvest delights', 'tastebud trek!', 'the sweet & savory variety platter', 'the east coast epicurean adventure!', 'the unexpectedly delicious delight!', 'the sweet & savory supper spread!', 'taco-tuna-chorizo fiesta!', 'tastebud temptation!', 'the all-in-one comfort food extravaganza!', ""the grand adventurer's delight!"", 'biscuit mix bonanza!', 'fried mushroom fiesta bowls', 'sweet and savory sensations', 'the global gourmet!', 'the joyful zippy snowy crunchy feast!', 'the grand brunch extravaganza!', 'tropical fiesta feast!', ""the lucky leprechaun's delight!"", 'the sweet and savory adventure!']"
immune-boosting,moms,"[[13053.0, 374.675, 554.05, 1556.125, 68.0475, 1555, 63], [13053.0, 374.675, 554.05, 1556.125, 68.0475, 1555, 63], [13115.5, 462.2, 614.45, 1332.25, 65.735, 1390, 54], [13097.25, 370.575, 586.55, 1595.025, 63.74, 1540, 63], [13115.5, 462.2, 614.45, 1332.25, 65.735, 1390, 54], [13053.0, 374.675, 554.05, 1556.125, 68.0475, 1555, 63], [13053.0, 374.675, 554.05, 1556.125, 68.0475, 1555, 63], [13097.25, 370.575, 586.55, 1595.025, 63.74, 1540, 63], [13053.0, 374.675, 554.05, 1556.125, 68.0475, 1555, 63], [13053.0, 374.675, 554.05, 1556.125, 68.0475, 1555, 63], [13097.25, 370.575, 586.55, 1595.025, 63.74, 1540, 63], [13053.0, 374.675, 554.05, 1556.125, 68.0475, 1555, 63], [13053.0, 374.675, 554.05, 1556.125, 68.0475, 1555, 63], [13053.0, 374.675, 554.05, 1556.125, 68.0475, 1555, 63], [13097.25, 370.575, 586.55, 1595.025, 63.74, 1540, 63], [13053.0, 374.675, 554.05, 1556.125, 68.0475, 1555, 63], [13097.25, 370.575, 586.55, 1595.025, 63.74, 1540, 63], [13053.0, 374.675, 554.05, 1556.125, 68.0475, 1555, 63], [13097.25, 370.575, 586.55, 1595.025, 63.74, 1540, 63], [13053.0, 374.675, 554.05, 1556.125, 68.0475, 1555, 63]]","['the comforting cozy collection', 'the unconventional epicurean adventure!', 'the comforting culinary adventure', 'the sweet and savory stew-fare', 'the comforting cozy cuisine plan', 'the cozy comfort collection', 'the sweet and sour sensation!', 'the sweet and savory slow cooker soiree', 'the sweet and sour sugar-free adventure!', 'the comforting cozy concoction', 'the sweet and savory adventure!', 'fiesta fiesta caramel-covered breakfast burrito bonanza!', 'the sweet and sour cozy comfort meal plan', 'the savory and sweet slow cooker extravaganza!', 'the sweet and sour stew safari!', 'the savory and sweet slow cooker adventure!', 'the savory and sweet sojourn', 'the sweet and sour adventure!', 'the savory and sweet surprise!', 'the sweet and sour stew-soup-cake-lemonade extravaganza!']"
indian,moms,"[[13935.25, 73.9, 215.6, 3039.45, 25.55, 210, 258], [14447.25, 295.175, 786.175, 1279.275, 32.525, 513, 69], [14557.5, 446.86, 559.92, 1671.43, 26.9525, 1004, 56], [14995.5, 225.7, 205.45, 3192.95, 38.9225, 414, 269], [14497.0, 517.4, 903.575, 1133.0, 45.0325, 1170, 46], [14813.75, 64.35, 288.8, 3108.35, 31.5925, 299, 260], [13214.1, 315.225, 858.95, 1092.8, 22.1225, 600, 48], [14565.4, 321.79, 1236.29, 402.76, 37.1125, 715, 45], [13832.75, 440.925, 739.25, 1403.05, 28.1075, 469, 44], [13448.75, 362.95, 907.75, 829.425, 57.0275, 679, 77], [13681.5, 44.6, 197.85, 3037.8, 24.485, 235, 250], [14231.75, 164.9, 163.9, 3025.675, 31.49, 460, 276], [14576.5, 144.7, 200.575, 3056.525, 36.5125, 465, 256], [14130.55, 188.15, 247.05, 2877.25, 42.33, 227, 258], [13505.25, 477.81, 904.72, 796.055, 63.015, 1205, 83], [13411.0, 282.8, 1024.55, 870.7, 27.905, 444, 74], [14854.75, 136.485, 313.495, 2993.78, 29.62, 245, 260], [14591.5, 137.6, 285.25, 2994.7, 30.0925, 280, 258], [14681.0, 527.31, 810.37, 1208.43, 73.195, 661, 64], [13687.17, 531.13, 723.22, 1118.16, 48.1775, 1525, 38]]","['mango curry fiesta!', 'a taste of india delight', 'the spicy spice-fest!', 'tropical spice fiesta!', 'spicy spice-a-licious!', 'mango coronation okra paratha fiesta!', 'the spice of life meal plan', 'the spice odyssey', 'the spice and sweet adventure!', 'the spice-filled fiesta!', 'taste of india fiesta!', 'mangolicious hariyali tikka curry feast', 'mangolicious hariyali chicken curry biryani', 'tropical spice fusion feast', 'the curry craze!', 'fiery fusion feast!', 'the exotic spice fiesta!', 'curry fiesta fiesta!', 'curry-licious delight!', 'fiery fiesta feast!']"
international street food,moms,"[[14501.0, 326.8, 689.25, 1695.15, 37.9925, 310, 78], [14642.85, 430.9, 655.775, 1736.55, 61.1975, 945, 62], [13385.25, 424.15, 746.25, 1233.425, 41.655, 300, 66], [14734.6, 644.8, 661.65, 1459.1, 49.0725, 442, 44], [13082.0, 519.3, 491.425, 1688.0, 44.4025, 920, 54], [14320.0, 410.4, 801.35, 1381.225, 51.8025, 360, 62], [13578.75, 402.675, 935.55, 816.375, 38.3525, 435, 36], [14219.2, 491.5, 980.0, 970.0, 59.37, 612, 69], [13263.1, 439.475, 830.825, 1157.3, 85.575, 464, 91], [14364.1, 557.6, 1051.0, 841.3, 76.7475, 545, 66], [13961.75, 417.775, 480.625, 2061.575, 59.175, 252, 57], [14101.5, 404.925, 742.7, 1478.125, 53.215, 550, 78], [14794.6, 499.45, 760.925, 1464.325, 39.7575, 480, 56], [13133.25, 538.2, 768.0, 976.825, 42.71, 332, 32], [14996.25, 415.5, 945.15, 1078.3, 27.5275, 1010, 72], [14555.5, 353.875, 963.85, 1070.7, 40.7175, 368, 40], [13346.6, 569.125, 772.6, 938.5, 74.945, 805, 50], [14240.75, 400.35, 934.9, 1065.9, 46.965, 355, 125], [13442.75, 393.725, 568.375, 1561.9, 31.33, 220, 28], [13484.25, 576.4, 830.525, 856.5, 84.445, 370, 62]]","['island-fried rice fiesta', 'global grill-fest!', 'the global gastronomic getaway!', 'the international fusion fiesta!', 'tropical tastebud treats!', 'the international palate platter', 'east meets west fusion fiesta!', 'island fiesta fiesta!', 'a taste of the world: vegan arepas lumpia shanghai hibiscus tacos soya ceviche local kine wontons irish coffee ahi tuna steaks and burritos', 'tropical fiesta feast', 'ramen noodle fiesta frittata!', 'fiesta fiesta blini russian pancake surprise!', 'ramen noodle fiesta fiesta!', 'international fusion feast!', 'taste of the world fiesta!', 'global fusion feast!', 'tastebud tour of the world!', 'east-west fusion fiesta!', 'global fusion platter', 'feta fiesta!']"
italian,moms,"[[13145.5, 489.675, 811.675, 906.575, 50.3725, 335, 54], [13520.0, 460.5, 810.05, 1087.45, 40.1475, 1095, 57], [14024.75, 456.61, 864.72, 1095.205, 35.7775, 935, 46], [13114.89, 780.59, 805.13, 686.705, 59.8323, 343, 23], [14082.75, 595.1, 860.65, 971.125, 54.6075, 940, 54], [14832.3, 537.525, 927.975, 958.175, 47.02, 375, 94], [14051.25, 404.575, 940.75, 954.725, 48.7025, 595, 48], [14326.75, 722.125, 688.6, 1214.525, 47.985, 1000, 36], [13488.75, 475.57, 663.89, 1302.46, 36.375, 755, 49], [14299.0, 867.9, 861.275, 719.075, 52.4425, 455, 58], [14283.25, 689.435, 803.72, 1069.93, 52.87, 855, 46], [13394.75, 562.47, 962.24, 537.885, 49.04, 320, 58], [13714.45, 658.75, 750.55, 1014.05, 62.73, 405, 55], [13677.25, 496.075, 928.95, 634.65, 38.015, 400, 76], [14085.5, 466.065, 651.68, 1486.195, 29.4375, 475, 68], [13229.8, 425.075, 1063.675, 356.0, 33.1625, 775, 42], [14596.0, 522.325, 821.0, 1137.35, 63.1625, 1590, 45], [13454.5, 697.925, 799.55, 815.55, 53.1525, 839, 46], [13059.25, 463.825, 543.15, 1420.875, 39.685, 456, 81], [13570.0, 605.875, 858.625, 680.375, 50.2675, 395, 63], [14118.5, 274.1, 858.95, 1271.1, 23.925, 820, 78], [14164.5, 756.2, 944.25, 555.7, 68.5375, 385, 64], [14662.25, 611.15, 918.0, 937.75, 51.0925, 525, 90], [13773.25, 574.7, 1011.875, 545.45, 51.785, 324, 46], [13647.5, 408.4, 887.05, 870.925, 37.685, 460, 83], [14231.75, 735.065, 770.58, 811.12, 69.345, 865, 62], [13682.25, 635.785, 875.795, 732.79, 55.7175, 538, 62], [13861.0, 795.925, 848.5, 614.5, 51.64, 510, 36], [13820.89, 830.59, 833.43, 783.155, 54.6373, 143, 34], [13053.0, 572.525, 1065.625, 251.575, 39.8575, 535, 42], [14426.75, 586.8, 812.45, 1091.45, 45.12, 1480, 73], [13296.75, 774.26, 777.52, 654.74, 58.7425, 535, 36], [13366.1, 585.25, 483.95, 1443.325, 52.43, 415, 52], [13365.25, 543.5, 888.6, 633.725, 56.7225, 605, 49], [13036.75, 722.675, 666.125, 854.575, 50.165, 1000, 52], [13956.0, 405.625, 704.125, 1452.575, 36.3325, 564, 46], [14847.5, 642.51, 961.92, 767.14, 53.96, 500, 68], [13748.25, 633.105, 812.985, 602.285, 81.3, 670, 54], [13466.0, 724.125, 807.225, 615.775, 52.3425, 432, 47], [14810.25, 685.55, 871.725, 858.525, 56.8475, 945, 82]]","['taste of italy extravaganza!', 'the italian-polish-american fusion feast!', 'the epic italian feast', 'italian fusion fiesta!', 'the mediterranean fusion feast!', 'the savory sage supper', 'the garden harvest feast', 'the savory surprise platter', 'taste of italy: a mediterranean feast!', 'feast of fowl and flavors!', 'savory spinach surprise!', 'gourmet garden delight!', 'the gourmet fusion feast!', 'the italian extravaganza!', 'the savory surprise platter!', 'aromatic italian extravaganza', 'the italian-chicago fusion feast', 'the italian feast', 'parmalet parmesan omelet fiesta fiesta!', 'fiesta fiesta quiche supreme surprise!', 'four cheese ravioli fiesta fiesta!', 'tomato-stuffed grits ricotta fiesta!', 'parmesan-crusted french toast fiesta!', 'fiesta frittata freezer fiesta!', 'much food', 'fiesta fettuccine carbonara surprise!', 'spinach and potato frittata fiesta fiesta!', 'asparagus-stuffed frittata fiesta!', 'herb-speckled cheese omelette fiesta!', 'savory sausage and egg fiesta surprise!', 'fiesta fiesta parmalet parmesan omelet bonanza!', 'the eclectic italian feast', 'taste of italy extravaganza!', 'the italian fiesta platter!', 'the mediterranean fusion feast', 'the hearty italian feast', 'the italian fusion fiesta!', 'the italian fusion feast', 'feast of flavors!', 'the savory spectacular!']"
japanese,moms,"[[14207.1, 440.05, 752.2, 1344.6, 45.715, 925, 64], [13161.8, 530.45, 767.25, 959.65, 51.5325, 1205, 38], [13116.35, 452.15, 598.475, 1424.25, 47.465, 1678, 52], [13474.6, 476.45, 919.1, 791.0, 46.4825, 1145, 43], [14017.85, 332.15, 991.9, 928.2, 35.0675, 475, 45], [13822.2, 481.85, 857.6, 1009.25, 59.965, 535, 48], [13837.35, 567.45, 680.375, 1244.2, 54.9725, 1860, 51], [13851.7, 531.8, 856.775, 960.55, 56.14, 1160, 38], [13654.25, 410.05, 942.15, 827.0, 37.9425, 1130, 52], [13406.55, 417.05, 937.85, 790.4, 57.04, 435, 64], [14356.6, 412.15, 925.05, 1052.9, 42.0275, 598, 47], [13774.85, 350.1, 722.25, 1410.4, 45.1375, 433, 79], [14167.5, 484.25, 780.075, 1231.65, 49.2575, 1133, 60], [13610.45, 421.3, 647.85, 1450.975, 54.8425, 665, 61], [13502.7, 302.45, 726.25, 1385.65, 45.3225, 580, 101], [14210.6, 269.35, 682.575, 1728.9, 32.6675, 1535, 77], [14581.6, 442.5, 856.45, 1240.55, 42.77, 1460, 49], [13416.2, 487.05, 664.75, 1262.0, 50.065, 1155, 42], [13224.85, 499.1, 627.325, 1317.1, 60.835, 1143, 68], [13167.45, 499.2, 683.425, 1147.35, 59.0675, 503, 36]]","['the tokyo fusion feast!', 'taste of japan: a fusion of flavors', 'the far east fusion feast', 'tastes of tokyo delight!', 'tastes of japan: a fusion of flavors!', 'taste of japan: a culinary adventure!', 'tastes of tokyo: a fusion of japanese cuisine!', 'tastes of japan: a fusion of east and west!', 'the tokyo treats platter', 'tantalizing tokyo treats', 'sesame-soy soba noodle fiesta!', 'fiesta tamagoyaki roll-up bonanza!', 'tempura dipping sauce fiesta fiesta!', 'fiesta sesame-soy soba noodle delight!', 'fiesta fruity japanese pancake party!', 'the japanese fusion feast', 'taste of japan fusion', 'fiery fusion feast', 'the japanese fusion fiesta!', 'east meets west fusion feast!']"
mediterranean,moms,"[[14177.75, 705.185, 1149.195, 351.705, 61.6275, 1051, 58], [13650.5, 751.175, 757.975, 855.15, 81.99, 675, 68], [14158.39, 863.62, 967.59, 536.045, 69.5898, 128, 28], [13228.25, 413.475, 1198.55, 1612.675, 41.6775, 1026, 46], [14323.75, 634.2, 949.625, 670.95, 110.8775, 350, 40], [13147.25, 385.15, 873.1, 907.15, 43.885, 485, 42], [14890.55, 548.15, 915.75, 942.95, 62.7375, 845, 58], [14304.39, 793.815, 989.855, 613.105, 63.7148, 133, 21], [14761.75, 514.425, 705.775, 1402.675, 47.31, 500, 56], [14510.1, 557.675, 1066.305, 646.275, 56.4975, 1347, 50], [13253.5, 311.825, 916.125, 837.8, 47.7475, 835, 42], [14566.0, 438.85, 1036.05, 942.8, 60.6525, 680, 104], [13868.5, 349.9, 979.05, 896.4, 47.285, 440, 57], [13384.0, 778.875, 899.9, 534.75, 88.7175, 1795, 54], [13354.75, 563.96, 920.52, 558.33, 69.2075, 555, 52], [13294.64, 785.265, 868.005, 625.33, 62.8023, 223, 22], [13439.0, 526.925, 1051.85, 475.225, 58.7125, 642, 42], [14109.5, 552.775, 1128.75, 371.275, 48.03, 1132, 44], [13063.55, 851.825, 781.5, 550.95, 105.92, 1285, 38], [13695.25, 608.1, 1034.7, 417.3, 95.8825, 620, 47]]","['mediterranean fiesta!', 'mediterranean medley', 'mediterranean fusion feast', 'taste of the mediterranean adventure', 'the international fusion feast', 'the mediterranean medley!', 'the italian-style feast of delights', 'mediterranean fusion fiesta!', 'the mediterranean-balkan fusion fiesta!', 'taste of the mediterranean medley', 'the mediterranean feast!', 'italian-style fiesta!', 'italian-style frittata fiesta!', 'greek peanut butter yogurt fiesta!', ""cally's omelet fiesta fiesta!"", 'veggie-loaded potato frittata fiesta!', 'mediterranean fusion fiesta!', 'tastebud fiesta!', 'aromatic mediterranean medley', 'the mediterranean fusion feast!']"
mexican,moms,"[[14405.5, 571.3, 1001.0, 674.225, 53.42, 335, 84], [14366.0, 748.5, 814.9, 674.1, 67.185, 355, 52], [13760.0, 772.0, 817.35, 778.65, 53.67, 1005, 50], [14263.5, 412.825, 949.1, 1048.25, 53.665, 1780, 179], [13125.75, 387.8, 927.05, 569.3, 44.78, 342, 68], [13667.25, 348.05, 951.15, 1265.7, 77.235, 300, 60], [14269.25, 632.3, 1003.35, 616.2, 45.4125, 465, 43], [13423.25, 632.95, 846.875, 742.725, 42.48, 1315, 52], [13108.1, 451.7, 1024.625, 504.575, 37.3375, 413, 83], [13253.85, 357.3, 1123.65, 366.3, 32.9275, 355, 46], [14372.85, 506.95, 745.05, 1396.15, 34.8425, 296, 70], [13158.85, 650.2, 724.1, 734.9, 60.785, 615, 60], [14247.0, 630.175, 887.425, 681.6, 31.9175, 400, 34], [14031.0, 862.125, 873.225, 454.45, 63.6425, 785, 63], [13297.75, 189.175, 1109.125, 602.425, 20.105, 200, 36], [13055.6, 385.35, 1013.15, 515.1, 31.18, 295, 42], [14469.5, 566.275, 934.325, 847.675, 51.8075, 475, 58], [14838.25, 662.375, 925.375, 788.25, 43.565, 624, 64], [13345.25, 596.575, 763.625, 887.3, 58.085, 437, 56], [14201.75, 687.45, 955.125, 554.5, 49.2875, 630, 58]]","['tex-mex fiesta extravaganza!', 'the fiesta fiesta feast!', 'south of the border brunch bonanza!', 'southwest fiesta fiesta!', 'mexican fiesta fiesta!', 'churro fiesta fiesta!', 'taco fiesta fiesta fiesta!', 'christmas green chile egg fiesta!', 'chilaquiles fiesta fiesta!', 'taco-filled quiche fiesta!', 'chilaquiles fiesta fiesta fiesta!', 'chorizo fiesta fiesta burrito bonanza!', 'fiesta fiesta huevos rancheros bonanza!', ""robin's cheesy chipotle grits fiesta!"", 'jalisco-style chilaquiles fiesta fiesta!', 'jalisco-style chilaquiles fiesta fiesta fiesta fiesta fiesta!', 'fiesta fiesta spicy potato scramble surprise!', 'fiesta fiesta chilaquiles fiesta fiesta fiesta!', 'chorizo latke fiesta fiesta!', 'south of the border fiesta!']"
middle eastern,moms,"[[14927.75, 546.15, 872.725, 1167.35, 42.2825, 1800, 66], [13729.75, 600.875, 667.075, 1139.2, 57.665, 1270, 54], [13833.0, 554.525, 745.2, 1144.35, 54.8275, 1415, 81], [14975.25, 202.275, 935.425, 1282.525, 17.0525, 315, 63], [14170.25, 352.675, 754.35, 1490.775, 36.6475, 830, 45], [13624.25, 578.65, 866.65, 764.925, 64.9125, 990, 50], [13737.5, 256.775, 773.775, 1406.975, 36.43, 1455, 84], [14781.0, 660.4, 751.625, 1363.225, 64.1975, 680, 50], [13882.75, 634.91, 740.12, 1128.98, 66.9175, 1384, 112], [14032.65, 483.64, 965.49, 822.085, 49.555, 590, 68], [13823.0, 482.45, 787.3, 1019.025, 41.64, 409, 58], [14938.0, 619.85, 615.95, 1508.975, 44.5175, 1214, 54], [14743.0, 517.1, 634.65, 1648.75, 40.375, 1135, 44], [13645.75, 445.225, 748.425, 1081.225, 56.4825, 1550, 70], [13596.25, 398.9, 946.05, 613.45, 41.615, 547, 59], [14459.75, 510.15, 858.825, 1153.75, 44.5425, 990, 61], [13763.75, 488.75, 685.575, 1269.85, 36.4475, 1530, 40], [14713.25, 510.4, 800.1, 1223.575, 51.7575, 564, 52], [13935.1, 495.75, 638.4, 1463.2, 39.05, 1195, 78], [14144.25, 396.9, 870.3, 1141.15, 48.0, 775, 57]]","['the middle eastern feast', 'the global kosher feast!', ""passover's plethora of palatable plates!"", 'a taste of the middle east', 'a taste of the world: passover edition', 'the middle eastern fusion feast!', 'the passover fiesta!', 'passover pilaf-gyro-charoset fiesta!', 'the middle eastern feast!', 'taste of the southwest fiesta!', 'the gyro-matzah fiesta!', 'the middle eastern melange', 'the global shabbat feast', 'the global grill-out!', 'hearty jewish chicken stew', ""grandma's savory sabbath stew."", 'sesame-studded simit supper', 'turkish egg cilbir delight', ""grandma's traditional cholent surprise"", 'the global gastronomy platter!']"
northeastern delights,moms,"[[14512.75, 324.525, 503.275, 2126.675, 44.485, 360, 60], [13536.25, 323.25, 521.725, 1842.425, 25.0825, 295, 40], [13049.75, 254.925, 460.825, 1953.675, 20.295, 285, 44], [13428.75, 359.6, 519.025, 1702.725, 29.8275, 305, 40], [14842.75, 348.55, 583.225, 1969.225, 28.3375, 345, 48], [14393.25, 363.35, 514.975, 1958.425, 46.5475, 435, 60], [14017.75, 319.875, 530.825, 1934.575, 34.95, 310, 44], [13757.75, 263.225, 459.725, 2113.775, 29.805, 340, 56], [13740.75, 327.3, 456.125, 2008.625, 35.7375, 420, 64], [13757.75, 263.225, 459.725, 2113.775, 29.805, 340, 56], [13757.75, 263.225, 459.725, 2113.775, 29.805, 340, 56], [13758.0, 293.825, 442.775, 2021.725, 18.78, 915, 42], [14437.75, 331.425, 540.725, 1988.175, 27.975, 280, 42], [13660.25, 397.975, 551.9, 1612.6, 50.3725, 270, 48], [13250.0, 372.875, 500.7, 1675.65, 32.1675, 235, 44], [14017.75, 319.875, 530.825, 1934.575, 34.95, 310, 44], [14437.75, 331.425, 540.725, 1988.175, 27.975, 280, 42], [13313.5, 259.075, 492.525, 1922.425, 20.435, 295, 42], [13152.75, 299.325, 503.275, 1817.275, 32.255, 260, 40], [13152.75, 299.325, 503.275, 1817.275, 32.255, 260, 40]]","['the melting pot platter', ""the lucky leprechaun's kitchen delight!"", 'the emerald isle mashup!', 'irish-nashville-new england-rhode island pie-palooza!', 'the big apple clam-chowder-fry-fiesta!', 'the emerald isle feast', 'celtic comfort eats!', 'the celtic-big apple-mediterranean-music city-sous vide fiesta!', 'the emerald isle feast!', 'the unconventional delight platter', 'the unconventional concoction', 'the emerald isles and beyond meal plan', 'the unconventional fusion feast', 'the shamrock supper!', 'irish soda bread raisin fiesta!', 'the shamrock shuffle!', 'the irish-knish-hot-turkey-pie extravaganza!', 'the unconventional fusion feast!', 'the emerald isle mash-up!', 'the emerald city eats!']"
pasta perfection,moms,"[[13377.75, 588.195, 596.49, 1301.43, 45.685, 485, 50], [13674.25, 675.475, 548.775, 1379.2, 37.9925, 415, 48], [14019.5, 300.425, 631.15, 1713.3, 27.4975, 1110, 65], [13783.5, 345.225, 1061.875, 663.95, 29.1, 490, 44], [13908.75, 395.795, 982.84, 868.93, 32.22, 415, 44], [13602.8, 522.775, 509.7, 1505.775, 38.3025, 1017, 124], [13761.5, 611.525, 764.625, 826.025, 51.5425, 345, 36], [13893.5, 302.05, 1114.15, 697.95, 34.49, 370, 50], [13874.5, 403.3, 915.35, 949.7, 46.6625, 765, 80], [13220.0, 444.55, 687.825, 1179.125, 32.53, 935, 68], [13955.0, 723.05, 727.425, 1023.75, 43.77, 1100, 40], [13972.75, 320.475, 961.275, 984.675, 31.365, 930, 60], [13430.5, 454.775, 741.7, 1146.55, 39.265, 530, 56], [13609.25, 391.95, 738.0, 1326.25, 33.7875, 410, 58], [13880.25, 462.3, 890.6, 965.1, 42.515, 1050, 50], [14366.5, 754.5, 766.55, 832.425, 66.165, 650, 68], [14802.25, 429.2, 757.15, 1505.15, 39.36, 412, 122], [13548.1, 571.325, 739.7, 822.625, 42.84, 725, 39], [13534.5, 466.6, 959.775, 760.425, 43.1225, 495, 62], [13229.35, 432.0, 774.525, 932.925, 35.665, 380, 40]]","['the international culinary adventure!', 'the eclectic entre extravaganza!', 'the knish-gnocchi-mac salad-fruit salad-tuna-chicken-gnocchi extravaganza!', 'the pasta-licious picnic!', 'tropical italian fusion feast', 'fusion of flavors meal plan', 'the savory six-pack', 'tropical macaroni fiesta!', 'the italian-newfie fusion feast!', 'the gourmet grazer', 'cheesy christmas comfort feast', 'the grandma-mama-buffalo-greek-tuna-stroganoff-polenta extravaganza!', 'crab-stuffed manicotti fiesta fiesta!', 'new york knish-yo! fiesta fiesta!', 'pesto polenta lasagna fiesta fiesta!', 'fiesta fettuccine carbonara bonanza!', 'puff pastry waffle fiesta fiesta!', 'fiesta fettuccine carbonara surprise!', 'tasty turntable treats!', 'the crazy knish-tuna-ziti-gnocchi-tequila-pumpkin extravaganza!']"
quick meals,moms,"[[14442.6, 119.475, 592.9, 2246.65, 18.73, 130, 92], [14238.0, 455.9, 810.15, 1457.85, 29.91, 180, 60], [13727.14, 829.945, 851.465, 686.47, 59.6923, 160, 34], [14125.64, 771.44, 748.23, 1138.38, 68.3698, 123, 43], [14654.7, 352.2, 1200.275, 595.725, 31.545, 130, 32], [14703.8, 624.825, 1100.75, 218.575, 39.08, 160, 36], [14705.75, 274.85, 1061.8, 1069.8, 42.8425, 182, 76], [13417.5, 218.025, 1226.7, 467.175, 21.8475, 198, 36], [13237.75, 151.8, 1226.225, 607.1, 37.34, 129, 43], [13388.25, 278.8, 858.975, 1121.65, 23.21, 168, 48], [13600.5, 255.775, 591.375, 1790.325, 25.8475, 165, 118], [14107.0, 39.1, 1395.7, 404.8, 9.7025, 75, 26], [14390.0, 577.175, 1067.65, 485.35, 58.02, 220, 40], [13515.75, 715.475, 673.4, 998.05, 60.29, 169, 67], [14275.1, 398.3, 752.85, 1298.075, 33.17, 179, 86], [14034.25, 319.625, 1028.35, 966.95, 35.9, 135, 66], [13190.39, 998.24, 805.18, 515.18, 66.2273, 98, 16], [13458.5, 224.855, 857.51, 1261.295, 32.9925, 165, 49], [13708.5, 157.9, 1200.775, 605.95, 16.2525, 100, 31], [14492.0, 442.65, 715.55, 1507.65, 58.575, 155, 50]]","['the irish-german potato party!', ""the veggie-lover's delight!"", 'tantalizing taste tour!', 'tastes of the world', 'the sweet and savory spectacular!', 'taste of the mediterranean delight', 'the summertime sizzle platter!', 'tastebud temptations', 'fiesta of flavorful fusion!', 'the comfort food fiesta!', ""a taste of grandma's kitchen!"", 'easter rainbow potato fiesta!', 'asparagus and jumbo shrimp fiesta fiesta!', 'raspberry cheesecake-stuffed french toast fiesta fiesta!', 'crispy belgian waffle fiesta fiesta!', 'parfait and fiesta!', 'global fusion feast!', 'the mediterranean fiesta!', 'tropical fusion fiesta!', 'the eclectic autumn feast!']"
rice and grain galore,moms,"[[14232.52, 436.547, 735.933, 1321.949, 41.4575, 1038, 69], [13515.25, 335.35, 468.05, 1932.25, 22.16, 605, 52], [13791.0, 411.525, 851.95, 1162.575, 50.11, 1305, 53], [14497.25, 408.175, 1116.55, 507.45, 39.55, 480, 32], [14056.0, 376.755, 828.71, 1279.39, 38.855, 345, 71], [14073.4, 437.275, 726.2, 1447.2, 41.605, 491, 119], [13015.0, 422.375, 672.35, 1358.075, 32.5875, 395, 70], [13006.75, 306.275, 682.55, 1338.225, 29.0625, 726, 124], [13781.25, 202.425, 946.525, 1126.325, 25.8875, 700, 58], [14096.25, 320.975, 588.25, 1858.375, 38.405, 405, 59], [13577.75, 397.5, 904.725, 784.45, 45.83, 950, 62], [13895.0, 679.275, 868.675, 633.075, 57.07, 250, 39], [14785.75, 557.325, 950.675, 740.45, 45.7475, 508, 86], [14204.75, 690.25, 692.875, 1133.6, 51.73, 558, 65], [13369.75, 321.175, 797.725, 1077.15, 41.365, 280, 44], [13378.0, 317.825, 558.325, 1677.025, 38.675, 1232, 56], [13039.0, 333.75, 592.8, 1643.7, 30.9, 645, 52], [13998.5, 287.675, 832.05, 1212.925, 28.6475, 675, 44], [13159.25, 380.4, 790.4, 1178.65, 25.6925, 780, 56], [14702.0, 538.725, 709.15, 1377.1, 53.935, 595, 106]]","['the savory-sweet sensation', 'the global fusion plate.', 'aromatic adventure', 'the eclectic feast!', 'the mediterranean harvest feast', 'tastebud tour: a global fusion of flavors!', 'the fusion feast!', 'the savory & sweet symphony', 'grainy goodness galore!', 'greek yogurt oatmeal fiesta fiesta!', 'polenta fiesta fiesta!', 'wasabi grits fiesta fiesta!', 'instant pot oatmeal fiesta fiesta!', 'quinoa porridge fiesta fiesta!', 'yuca frita fiesta fiesta!', 'bird seed fiesta bars bonanza!', 'cereal-crusted fiesta fiesta delight!', 'the eclectic harvest bowl!', 'taste of the harvest delight', 'taste of the world adventure!']"
seafood spectacular,moms,"[[13460.25, 424.47, 631.915, 1544.61, 72.9575, 350, 40], [13210.65, 665.6, 793.725, 718.225, 122.0775, 317, 31], [13152.0, 391.07, 615.065, 1540.81, 58.23, 380, 55], [14562.3, 569.3, 977.75, 646.775, 101.46, 724, 51], [13350.05, 410.675, 646.225, 1453.525, 89.4725, 207, 42], [14051.5, 396.97, 1303.615, 164.785, 52.745, 375, 32], [14754.5, 718.625, 929.075, 832.975, 107.4375, 330, 48], [14680.85, 511.3, 611.475, 1849.675, 97.9275, 423, 55], [13251.0, 602.65, 748.125, 788.475, 74.4325, 287, 42], [13558.0, 448.2, 861.4, 922.45, 61.7675, 294, 47], [13497.35, 710.25, 753.4, 841.85, 101.8725, 616, 46], [13812.5, 383.225, 635.325, 1693.85, 57.9125, 285, 58], [13667.5, 913.625, 802.05, 397.25, 147.19, 225, 47], [13055.5, 371.775, 964.2, 679.075, 77.81, 370, 35], [13943.25, 863.3, 702.65, 525.175, 131.815, 400, 50], [13014.35, 694.125, 789.225, 555.675, 70.255, 491, 49], [14118.75, 476.1166667, 1123.483333, 424.85, 90.14333333, 927, 43], [14129.0, 837.275, 905.125, 314.25, 130.4375, 451, 48], [13669.8, 626.55, 549.75, 1486.35, 87.7075, 260, 45], [14762.55, 550.1, 1073.975, 719.9, 88.68, 330, 31]]","['southern comfort fusion', 'the seafood fiesta!', 'tastebud tango: a seafood sensation!', 'tropical seafood fusion!', 'seaside supper spectacular!', 'the coastal culinary adventure!', 'culinary creole fusion!', 'seafood spectacular!', 'tantalizing seafood extravaganza!', 'seafood extravaganza!', 'the seafood spectacular!', 'the unconventional seafood extravaganza!', 'cioppino fiesta fiesta!', 'smoked salmon frittata fiesta fiesta!', 'fiesta fiesta seafood cioppino surprise!', 'tuna-fiesta fritter fiesta!', 'the seafood smorgasbord!', 'seafood sensation!', 'the seafood soiree!', 'a taste of the sea and shore']"
southern comfort,moms,"[[14211.25, 711.75, 742.25, 1176.8, 55.86, 1465, 59], [13014.25, 448.975, 711.95, 1197.3, 35.925, 1725, 60], [13843.25, 590.925, 555.1, 1531.25, 41.8125, 830, 78], [13561.25, 361.9, 682.2, 1344.2, 40.3475, 300, 40], [13771.0, 270.075, 814.15, 1291.55, 23.24, 585, 109], [13209.6, 399.325, 781.9, 1022.8, 50.4275, 1840, 68], [14088.1, 277.875, 1032.295, 983.6, 39.3825, 1015, 48], [13655.75, 409.8, 901.3, 959.35, 37.3725, 750, 88], [14035.0, 620.325, 1106.75, 269.6, 62.42, 1025, 58], [13466.0, 450.15, 745.025, 1162.75, 44.305, 1290, 58], [13460.0, 410.575, 703.025, 1344.725, 36.055, 1475, 65], [14859.5, 385.45, 866.85, 1446.225, 54.29, 1210, 71], [13110.0, 455.3, 910.6, 760.725, 34.0525, 455, 64], [13819.5, 495.525, 828.925, 1061.85, 41.42, 390, 58], [13705.5, 369.4, 669.125, 1412.4, 28.96, 850, 94], [14707.75, 289.825, 720.075, 1615.775, 27.03, 630, 72], [13402.6, 299.45, 614.4, 1706.55, 28.86, 855, 35], [14127.25, 449.35, 726.175, 1388.0, 28.4475, 1275, 40], [13100.75, 554.0, 740.125, 1042.6, 40.2475, 1915, 60], [14181.5, 627.075, 661.9, 1367.05, 66.2275, 330, 61], [14477.75, 389.4, 1046.975, 896.725, 43.84, 310, 66], [14733.25, 454.85, 949.9, 1030.2, 33.2875, 338, 82], [14827.0, 586.55, 630.05, 1581.1, 54.5625, 1360, 50], [14401.25, 455.175, 846.9, 1126.45, 46.2975, 1240, 78], [13446.5, 341.025, 567.0, 1816.4, 30.74, 1280, 98], [14174.0, 597.025, 827.125, 813.975, 69.0925, 610, 56], [13974.0, 414.1, 767.95, 1243.625, 35.7, 500, 53], [13917.0, 437.675, 1021.35, 704.325, 58.58, 440, 88], [14649.25, 404.85, 926.65, 1185.35, 31.665, 1495, 72], [14260.75, 428.0, 699.675, 1057.075, 41.0675, 1695, 78], [14553.75, 205.15, 962.4, 1236.075, 35.0825, 705, 80], [13613.0, 273.925, 1007.125, 834.85, 30.6575, 585, 53], [13074.25, 571.725, 942.2, 485.45, 46.0275, 860, 53], [13140.25, 434.125, 771.775, 1022.25, 42.765, 305, 36], [14240.75, 265.3, 647.1, 1830.425, 23.7225, 575, 52], [14563.795, 581.7475, 994.01, 467.44, 54.82, 315, 92], [14119.0, 599.17, 977.315, 665.06, 59.305, 340, 52], [13881.75, 637.6, 648.35, 1417.025, 43.98, 860, 63], [14348.5, 507.975, 776.525, 1127.725, 44.1025, 785, 54], [14794.5, 538.895, 569.165, 1784.985, 86.4625, 315, 106]]","['the great breakfast lunch and dinner extravaganza!', 'the island fiesta feast', 'the great southern potato fiesta!', 'the global breakfast bonanza!', 'the potato potpourri!', 'taste of the tropics and beyond!', 'tropical fiesta fiesta!', 'island fiesta fiesta!', 'southern comfort fiesta!', 'the all-american feast!', 'the international comfort food extravaganza!', 'the all-american comfort food extravaganza!', 'the bayou brunch bash!', 'the southern comfort feast!', 'the heartland holiday feast', 'the unforgettable feast', 'the breakfast brunch and bbq bonanza!', 'the southern comfort platter', 'the lucky leprechaun feast!', 'taste of the south: a fusion of sweet and savory delights!', 'southern comfort fusion!', 'the spicy-sweet fiesta!', 'the grand cajun-greek-polish feast!', 'the comfort food extravaganza', 'festive holiday brunch bonanza', 'southern comfort cuisine', 'fruity french toast fiesta!', 'crispy blender yorkshire pudding fiesta!', 'cheesy chipotle grits fiesta fiesta!', 'buttermilk biscuit bonanza!', 'buttermilk biscuit bonanza fiesta!', 'savory oatmeal fiesta fiesta!', 'tastebud tapestry!', 'the all-american feast!', 'the brunch bonanza!', 'the great outdoors brunch!', 'the breakfast brunch bonanza!', 'the great southwest feast!', 'the great southern comfort food extravaganza!', 'southern comfort supper']"
southwest flavors,moms,"[[14221.7, 591.925, 853.425, 1180.125, 44.68, 920, 71], [13792.2, 520.4, 826.0, 1043.275, 41.465, 873, 102], [13618.75, 394.3, 883.15, 931.55, 49.185, 455, 50], [14852.0, 508.0, 839.75, 1257.675, 41.995, 435, 72], [13972.95, 217.575, 1075.275, 829.675, 35.66, 608, 86], [14188.0, 446.175, 882.175, 1063.9, 36.115, 390, 60], [14278.05, 400.7, 912.65, 1066.55, 39.63, 1040, 67], [13115.1, 275.5, 964.05, 887.1, 32.88, 355, 30], [13041.85, 405.25, 933.45, 825.675, 31.68, 243, 84], [14372.0, 428.525, 756.75, 1289.2, 36.95, 620, 91], [14475.7, 659.725, 898.15, 1017.55, 49.1575, 808, 119], [14544.2, 549.825, 917.425, 1126.025, 38.0925, 410, 89], [13374.75, 416.0, 830.775, 1145.7, 34.36, 303, 79], [14340.5, 418.95, 808.25, 1338.325, 37.145, 420, 73], [14971.0, 565.125, 871.45, 1147.925, 57.685, 525, 72], [13052.25, 268.675, 872.875, 975.675, 25.415, 365, 55], [14691.1, 500.025, 1123.6, 643.25, 57.57, 755, 44], [13689.75, 362.775, 886.55, 949.25, 37.2725, 425, 66], [14758.6, 391.85, 913.975, 1263.4, 33.5975, 420, 81], [13639.5, 491.975, 751.5, 1236.425, 34.8625, 325, 56]]","['the southwest fiesta platter', 'the fiery fiesta fiesta!', 'fiesta de chile y queso!', 'southwest fiesta fiesta!', 'fiesta of fire and flavor!', 'fiesta de desayuno southwest!', 'fiesta de chile y queso', 'fiesta of fire!', 'fiesta fiesta fiesta breakfast fiesta!', 'southwestern sunrise burrito fiesta!', 'fiesta fajita fiesta fiesta!', 'fiesta fiesta southwest sunrise burrito bonanza!', 'fiesta fiesta southwest sunrise burrito fiesta frenzy!', 'southwest sunrise burrito fiesta frenzy!', 'jalapeno popper fiesta fiesta!', 'fiesta fajita new mexico green chile breakfast burrito bonanza!', 'fiesta of new mexico flavors!', 'fiesta de sabores mexicanos', 'tex-mex fiesta!', 'fiesta de desayuno mexican!']"
