type,title,info,recipes
regular,Middle eastern,"[[2038.0, 141.1, 151.35, 5.2, 12.41], [2381.5, 148.9, 103.75, 214.75, 13.16], [2882.5, 72.05, 132.05, 360.25, 6.315], [1534.0, 63.25, 121.1, 62.5, 6.8625], [1435.0, 90.05, 101.6, 22.25, 12.985], [1357.0, 93.0, 92.6, 3.4, 8.7525], [90.0, 1.5, 8.5, 1.5, 0.315], [6222.5, 59.0, 248.0, 960.85, 6.19], [1611.5, 16.8, 84.2, 184.55, 6.125], [367.5, 3.85, 37.1, 9.8, 0.52], [2240.6, 4.1, 2.2, 568.8, 4.3], [1435.0, 90.05, 101.6, 22.25, 12.985], [4103.0, 50.525, 161.5, 616.05, 3.255], [2381.5, 148.9, 103.75, 214.75, 13.16], [1562.5, 77.315, 116.83, 32.535, 7.4325], [1107.5, 107.6, 63.4, 25.3, 16.5975], [416.0, 0.725, 46.2, 1.85, 0.215], [2787.0, 64.1, 211.5, 78.2, 5.22], [6404.0, 405.075, 476.6, 89.95, 29.815], [3254.0, 346.4, 201.2, 18.55, 29.59]]","['Serbian evapii', 'Sarma Stuffed Cabbage', 'Homemade Pita Chips', 'Greek Lamb Meatballs in Lemon Sauce', 'Butter Lamb Gravy', 'Traditional Gyro Meat', 'Hummus Without A Food Processor', 'Jewish Apple Cake from Bubbas Recipe Box', 'Haroset for Passover', 'Best Hummus', 'Kokubs Mango Chutney from Pakistan', 'Butter Lamb Gravy', 'Purim Hamantaschen with Prune Filling', 'Sarma Stuffed Cabbage', 'Ghormeh Sabzi Persian Herb Stew', 'Moroccan Shabbat Fish', 'Manti Turkish Ravioli with Yogurt Sauce', 'Chicken Massaman Curry', 'Duck Fesenjn', 'Roasted Lamb Breast']"
regular,Beginner-friendly,"[[2530.0, 149.2, 158.0, 146.275, 6.0725], [2975.5, 35.95, 118.5, 440.8, 2.135], [448.5, 0.0, 0.0, 0.0, 5.25], [2805.0, 3.95, 123.8, 440.8, 1.9], [120.0, 8.0, 0.8, 25.0, 8.26], [2957.5, 122.8, 171.3, 196.2, 6.31], [2836.25, 30.75, 82.25, 488.75, 1.9325], [3280.0, 31.4, 128.1, 514.75, 2.625], [4428.5, 11.825, 133.6, 824.95, 4.135], [1166.0, 3.0, 126.8, 15.2, 3.735], [2321.5, 124.625, 157.9, 66.95, 12.92], [5761.0, 22.3, 186.0, 1020.3, 4.96], [2969.0, 54.0, 141.5, 345.0, 14.325], [2651.0, 50.0, 96.0, 439.5, 11.7075], [1958.0, 6.0, 205.0, 39.1, 3.875], [1005.0, 56.5, 44.0, 61.0, 4.705], [1590.75, 18.7, 52.5, 255.425, 2.18], [1694.0, 21.05, 118.05, 139.75, 1.18], [1925.0, 62.1, 148.05, 96.35, 4.835], [1163.0, 48.575, 49.425, 104.025, 4.04]]","['Christmas Morning Egg Casserole', 'Sour Cream Pound Cake', 'Halloween Candy Corn Jell-O Shots', 'Double Chocolate Banana Monkey Bread', 'Slow Cooker Chicken Cacciatore', 'Proper British Fish Cakes', 'Soft Gingersnaps', 'Pumpkin Cheese Bread II', 'Irish Potato Candy', 'Grilled Chicken Sandwiches', 'Oven Bag Pot Roast', 'Pineapple Upside-Down Pound Cake', 'Tiramisu Cake', 'Butterscotch Monkey Bread', 'Simple Macaroni Salad', 'Hodies Sloppy Joes', 'Mocha Cookie Bars', 'Old-Fashioned Potato Cakes', 'Zucchini Pie', 'Manti Armenian Dumplings']"
regular,High-fiber,"[[2446.75, 25.625, 223.55, 97.75, 4.285], [3184.5, 47.75, 286.6, 102.1, 8.45], [2796.0, 65.8, 174.9, 209.0, 1.7125], [3394.0, 38.1, 173.5, 432.1, 4.54], [362.0, 5.0, 29.2, 26.0, 1.36], [808.0, 24.0, 64.0, 10.0, 1.07], [3406.0, 12.1, 194.4, 409.3, 3.1], [397.5, 9.55, 14.75, 54.6, 1.4275], [1413.5, 34.75, 28.0, 252.8, 1.54], [583.0, 50.8, 37.0, 3.6, 4.12], [2171.5, 13.0, 212.075, 28.4, 3.8625], [851.5, 14.6, 9.8, 168.9, 1.585], [407.0, 17.5, 5.5, 62.5, 0.945], [1345.26, 47.4, 76.0, 119.85, 2.03], [0.02, 0.0, 0.0, 0.5, 0.04], [2914.5, 21.85, 101.1, 494.05, 2.655], [1914.5, 44.0, 71.0, 272.5, 3.75], [1624.0, 20.7, 82.5, 192.7, 0.75], [5448.0, 240.2, 280.1, 1.9, 25.06], [3.5, 0.05, 0.1, 0.775, 0.0575]]","['Mushroom Broccoli Salad', 'Taameya Egyptian Falafel', 'Peanut Butter Banana Pancakes', 'Peanut Butter Crispies II', 'Lite Brocamole', 'Toasted Pumpkin Seeds', 'Cinnamon Rolls From Frozen Bread Dough - EASY', 'Quinoa Side Dish', 'Hearty Multigrain Bread', 'Slow Cooker Root Beer Pulled Pork', 'Low-Carb Cream of Mushroom Soup', 'Blueberry Cream Cheese Wontons', 'Overnight Oats with Jam', 'Crunchy Sugar-Free Granola', 'Mini Air Fryer Cherry Hand Pies', 'Fresh Cherry Cobbler', 'Muesli', 'Chef Johns Butter Puff Biscuit Dough', 'Down Home Chitterlings', 'Easy Pumpkin Muffins']"
regular,Grilling,"[[1331.25, 66.025, 80.55, 64.7, 5.4425], [247.0, 14.3, 5.7, 28.3, 1.08], [351.0, 13.4, 24.6, 22.7, 0.455], [1086.0, 65.8, 63.525, 23.9, 5.255], [6102.0, 120.0, 229.2, 874.0, 12.01], [1062.0, 58.775, 78.825, 10.525, 4.75], [2884.5, 69.0, 90.0, 453.3, 4.755], [1852.5, 97.8, 103.35, 79.25, 13.505], [2312.25, 228.975, 152.85, 3.8, 16.18], [2977.5, 197.3, 190.2, 45.85, 11.635], [2850.0, 194.05, 146.3, 186.65, 21.1375], [4001.25, 405.1, 190.075, 22.725, 26.1625], [1325.0, 12.4, 76.6, 150.5, 1.77], [2792.0, 91.5, 54.1, 433.3, 6.78], [3451.25, 87.65, 105.0, 367.325, 9.06], [1761.0, 38.1, 72.1, 228.3, 4.52], [4460.5, 277.5, 218.45, 249.35, 19.8375], [1691.0, 72.05, 73.05, 148.85, 8.23], [1155.5, 69.85, 56.75, 54.15, 9.16], [1219.75, 67.275, 59.65, 73.1, 7.68]]","['Cheesy Bacon, Sausage, and Egg Hash Brown Skillet', 'BBQ Pulled Pork Pizza', 'Satay Sauce', 'Hamburger Steak with Onions and Gravy', 'Ukrainian Olhas Varenyky Perogies', 'Reuben Crescent Bake', 'Vareniky', 'Bigos Hunters Stew', 'Porketta Roast', 'Dads Cheesy Bacon Wrapped Meat Loaf', 'Chef Johns Irish Stew', 'Midgs Mouth Watering Beef Jerky', 'Bellas Rosemary Red Potatoes', 'Instant Pot Baked Beans', 'Healthier Chicken Pot Pie IX', 'Slow Cooker BBQ Baked Beans', 'Dutch Oven Corned Beef and Cabbage', 'Saint Paddys Irish Sandwich', 'Juicy and Spicy Ceviche', 'Stuffed Peppers']"
regular,Mexican,"[[556.75, 17.25, 3.725, 115.45, 1.11], [396.0, 24.0, 24.0, 18.0, 1.5], [1803.25, 120.1, 38.775, 174.6, 9.3825], [1516.0, 114.5, 88.1, 18.3, 8.57], [726.25, 28.55, 42.3, 60.1, 2.235], [16412.5, 882.5, 1385.8, 8.5, 81.555], [3811.25, 168.375, 224.575, 326.2, 9.11], [719.0, 46.8, 25.45, 69.5, 5.4275], [918.0, 48.6, 72.4, 2.8, 1.46], [2201.0, 8.275, 226.65, 61.15, 2.185], [1131.0, 21.75, 27.0, 186.5, 0.575], [996.0, 70.2, 62.1, 1.6, 5.25], [1747.75, 94.1, 124.075, 40.325, 8.545], [4674.25, 100.55, 221.3, 504.85, 8.8], [256.5, 0.95, 28.15, 3.9, 0.245], [991.0, 66.525, 41.725, 79.225, 7.1775], [1797.0, 133.4, 102.2, 14.8, 14.74], [1625.0, 86.45, 116.05, 28.1, 6.895], [1454.75, 40.875, 53.575, 93.5, 6.4475], [1324.5, 46.2, 76.8, 127.825, 4.795]]","['Vegan Black Bean Burgers', 'Spicy Tex-Mex Salad', 'Chicken Chilaquiles Casserole', 'Unstuffed Cabbage Roll', 'Mushroom and Black Bean Quesadillas', 'Hot Italian Sausage', 'Southwest Breakfast Burritos', 'Peppers Stuffed with Chicken and Rice', 'Easy Nachos with Refried Beans', 'Southwestern Pasta Salad', 'Chef Johns Flour Tortillas', 'Over the Top Nachos', 'Black-Eyed Pea Soup', 'Poblano and Cheese Tamales Tamales de Rajas con Queso', 'Espinacas con Garbanzos Spinach with Garbanzo Beans', 'Very Veggie and Beef Chili', 'Leyleys Spicy Chicken Adobo Wings', 'Jeffs Sloppy Joes', 'Chicken Taco Salad', 'Pot Roast Caribe']"
regular,Family-friendly,"[[987.5, 97.05, 60.85, 8.0, 8.705], [3928.5, 157.55, 335.75, 52.9, 11.915], [9608.89, 651.69, 622.63, 390.655, 47.3523], [1724.0, 43.65, 132.25, 78.4, 6.2325], [1175.0, 67.3, 64.8, 79.4, 4.34], [2214.0, 130.0, 117.0, 114.0, 10.23], [1192.0, 5.65, 2.0, 299.25, 5.25], [1541.5, 40.5, 48.3, 226.95, 2.97], [1338.5, 60.76, 70.82, 125.39, 3.63], [2842.5, 51.7, 176.45, 202.45, 11.04], [1947.5, 21.2, 118.75, 196.35, 1.9275], [1981.0, 42.0, 83.2, 301.3, 5.39], [3.5, 0.05, 0.1, 0.775, 0.0575], [1543.0, 82.8, 18.2, 257.5, 8.13], [1174.0, 50.1, 89.2, 54.3, 4.86], [4747.0, 45.225, 159.0, 778.35, 3.215], [1416.0, 84.0, 110.2, 14.8, 18.52], [892.0, 34.7, 80.25, 8.65, 0.9875], [1056.5, 52.4, 58.9, 64.25, 2.29], [1643.25, 84.725, 99.15, 94.55, 9.65]]","['Instant Pot Smothered Pork Chops', 'The Best Meatballs', 'Italian BLT', 'Toss-Together Broccoli Salad', 'Naan Bread Margherita Pizza with Prosciutto', 'Healthier Eggplant Parmesan II', 'Watermelon and Strawberry Lemonade', 'Pumpkin Custard Pie I', 'Spinach and Potato Frittata', 'Samosas', 'Thumbprint Cookies', 'Breezy Key Lime Pie with Strawberry Rhubarb Glaze', 'Easy Pumpkin Muffins', 'Slow Cooker Green Beans, Ham and Potatoes', 'TVs Grits Casserole', 'Pineapple Upside-Down Cake III', 'Sous Vide Prime Rib', 'Garlic Parmesan Monkey Bread', 'Easy Mini Quiches', 'Italian Stuffed Cubanelle Peppers']"
regular,Quick meals,"[[2893.0, 21.0, 206.5, 226.0, 6.3], [726.5, 20.925, 64.025, 18.125, 1.4225], [1841.0, 66.0, 126.0, 113.4, 2.67], [494.25, 14.8, 6.7, 72.1, 2.465], [1100.5, 82.95, 65.1, 57.65, 5.8], [997.5, 36.775, 88.525, 15.45, 3.2375], [44.0, 1.2, 1.0, 8.9, 0.88], [486.75, 13.975, 28.625, 32.1, 3.925], [358.0, 4.2, 14.25, 57.55, 0.6425], [6071.0, 78.5, 216.5, 911.75, 3.9625], [491.25, 6.075, 42.05, 30.5, 2.42], [870.5, 0.0, 95.5, 10.0, 0.72], [334.5, 10.15, 9.7, 50.25, 0.52], [1090.5, 74.7, 79.05, 15.9, 3.87], [1253.0, 50.2, 64.3, 128.7, 5.28], [782.0, 24.35, 47.25, 77.45, 2.145], [485.0, 18.3, 2.95, 94.8, 3.77], [101.0, 2.3, 0.1, 24.6, 1.15], [4827.5, 65.5, 272.5, 537.55, 2.93], [1008.0, 6.1, 25.5, 332.1, 0.7425]]","['Glazed Doughnut Strawberry Shortcake', 'Korean Street Toast', 'Super Easy Chilaquiles', 'Strawberry Lassi', 'Pumpkin Turkey Chili', 'Light Lemon Pesto Pasta', 'Homemade Pickling Spice', 'Stir-Fried Mushrooms with Baby Corn', 'Sweet and Spicy Air Fried Sweet Potatoes', 'Biscochitos Traditional Cookies', 'Pan Fried Green Beans', 'Bang Bang Sauce', 'Greek Yogurt Oatmeal', 'Easy Asparagus Frittata', 'Best Ever Bruschetta!', 'Shirataki Meatless Meat Pad Thai', 'Easy Bruschetta', 'Orange Crush! Fresh Squeezed Orange and Vodka Cocktail', 'Oatmeal Peanut Butter Cookies', 'Easy Coconut Rice Pudding']"
regular,Mediterranean,"[[1885.0, 28.55, 189.65, 12.6, 4.9925], [2296.5, 125.65, 141.8, 37.8, 13.745], [1482.0, 96.1, 118.1, 0.2, 16.175], [2810.5, 156.7, 190.2, 44.9, 28.185], [1293.5, 39.6, 77.75, 103.05, 6.5925], [1072.25, 37.125, 94.55, 12.6, 2.1475], [473.0, 30.4, 38.85, 3.65, 1.15], [3847.0, 263.8, 274.6, 46.7, 16.61], [1478.5, 144.4, 85.0, 3.8, 28.235], [877.0, 32.05, 21.45, 23.3, 5.195], [575.25, 37.025, 27.25, 18.425, 6.3625], [1532.5, 93.41, 101.12, 57.48, 6.3], [1048.0, 34.96, 51.17, 97.54, 6.885], [463.5, 5.475, 44.55, 24.975, 1.175], [1550.0, 114.8, 94.0, 21.2, 15.54], [1078.5, 37.5, 75.6, 42.6, 8.23], [1545.0, 40.2, 70.7, 195.6, 3.0625], [138.0, 1.8, 14.3, 3.3, 0.175], [674.75, 25.05, 32.3, 74.5, 3.24], [1618.75, 37.8, 19.2, 303.95, 1.71]]","['Spinach and Orzo Salad', 'Smoked Paprika Goulash for the Slow Cooker', 'Grilled Leg of Lamb Steaks', 'North African Paella', 'Best Greek Quinoa Salad', 'Turkish Eggs Cilbir', 'Egyptian Feta Cheese Omelet Roll', 'Rosemary Braised Lamb Shanks', 'Grilled Lamb Loin Chops', 'Greek Chicken Pasta', 'Prosciutto Wrapped Melon Balls', 'Spring Vegetable Frittata for Mother', 'Roast Pumpkin and Feta Risotto', 'Smoky Chipotle Hummus', 'Instant Pot Lamb Shoulder Chops', 'Grilled Halloumi with Herbed Berry Salsa', 'Focaccia di Recco', 'Spiced Air-Fried Chickpeas', 'This Whipped Feta Sandwich Simply Screams Summer', 'Moroccan Ksra']"
regular,Bean bonanza,"[[3301.0, 34.8, 294.6, 144.2, 5.695], [383.0, 1.6, 42.1, 5.4, 0.75], [1058.0, 22.28, 86.96, 84.94, 5.0], [2146.0, 77.3, 21.2, 421.6, 4.155], [3060.5, 20.1, 224.1, 273.7, 2.6], [856.5, 15.7, 49.35, 94.3, 1.2], [1741.0, 28.0, 106.5, 171.0, 2.555], [672.5, 57.5, 41.0, 5.5, 4.35], [4320.5, 93.6, 83.0, 676.0, 8.135], [1107.75, 62.8, 16.95, 176.3, 3.07], [860.0, 0.3, 8.3, 202.7, 0.62], [2030.25, 74.525, 56.3, 316.45, 4.6825], [52.0, 2.0, 0.8, 11.3, 0.42], [1564.0, 115.6, 88.8, 27.0, 8.8], [865.75, 65.15, 45.3, 34.25, 4.32], [2274.0, 74.1, 56.9, 302.15, 3.445], [138.0, 1.8, 14.3, 3.3, 0.175], [3008.0, 114.0, 130.0, 330.0, 6.1], [942.0, 58.0, 68.6, 14.4, 4.47], [1230.75, 97.8, 72.95, 11.15, 8.005]]","['Mad Hatter Salad', 'Chef Johns Green Hummus', 'Falafel Hash', 'Slow Cooker Homemade Beans', 'Three Bean Salad', 'Carrot Cake Freezer Energy Balls', 'Chef Johns Granola', 'Taco Mix with Black Beans', 'Siopao Filipino Steamed Dumplings', 'Refried Black Beans', 'Beans-n-Franks', 'Vegan Chili Cheese Fries', 'Slow Cooker 3-Bean Chili', 'My Chili', 'Stuffed Cabbage', 'Pinto Beans With Mexican-Style Seasonings', 'Spiced Air-Fried Chickpeas', 'Make Ahead Lunch Wraps', 'Simple Chili', 'The Best Turkey Chili']"
regular,International street food,"[[1741.5, 46.2, 55.9, 256.575, 3.1425], [4301.0, 42.425, 239.625, 507.0, 9.6825], [1394.75, 47.725, 111.675, 52.6, 4.935], [1844.0, 37.0, 117.0, 136.2, 5.65], [313.0, 12.4, 8.6, 58.0, 1.53], [556.0, 50.75, 24.75, 29.65, 11.0], [1143.0, 55.0, 50.25, 107.8, 2.275], [1159.0, 42.0, 61.0, 103.8, 1.85], [1164.0, 84.25, 82.65, 14.25, 7.27], [4131.5, 78.7, 401.9, 29.1, 6.035], [2516.0, 6.7, 224.2, 137.3, 2.0], [1728.1, 133.05, 186.0, 14.85, 25.76], [8927.0, 79.9, 515.0, 981.0, 10.195], [990.0, 29.6, 28.6, 191.4, 1.8625], [351.0, 13.4, 24.6, 22.7, 0.455], [3965.5, 191.1, 217.075, 265.125, 25.1025], [706.5, 33.8, 6.0, 127.6, 2.97], [73.0, 3.2, 0.4, 14.95, 1.83], [2091.25, 30.75, 218.075, 9.4, 3.28], [1346.0, 35.325, 87.35, 137.4, 2.1475]]","['Black Bean and Rice Burritos', 'Oliebollen Dutch Doughnuts', 'Egg and Avocado Salad', 'Ultimate Irish Cream Chocolate Mousse', 'Mushroom Rice', 'Shrimp and Scallop Stir-Fry', 'Deep-Fried Sous Vide Egg Yolks', 'Broccoli Fritters', 'Shrimp with Lobster Sauce', 'Yaki Mandu', 'Yuca Frita', 'Lumpia Shanghai Version', 'Crispy and Creamy Doughnuts', 'Kwek Kwek Filipino Street Food', 'Satay Sauce', 'Las Vegas Galbi Korean-Style Beef Ribs', 'Vietnamese Fresh Spring Rolls', 'Seco de Pollo Ecuadorean Chicken Stew', 'Unbelievable Grilled Garlic Bread', 'Coconut Milk Rice Pudding']"
regular,Eggcellent recipes,"[[2975.5, 35.95, 118.5, 440.8, 2.135], [3591.0, 52.2, 263.1, 282.3, 4.57], [2745.34, 62.95, 191.2, 177.3, 2.7], [2073.75, 91.75, 140.5, 83.3, 5.2925], [403.5, 25.3, 28.475, 7.375, 1.125], [447.0, 25.2, 31.6, 9.7, 1.32], [1091.0, 68.0, 108.2, 71.9, 19.285], [1919.0, 59.45, 65.25, 296.05, 2.695], [599.5, 47.8, 28.55, 35.25, 2.325], [800.0, 63.9, 48.2, 19.7, 3.25], [432.0, 36.0, 30.0, 2.4, 1.02], [1160.75, 70.95, 61.25, 70.6, 5.305], [1469.5, 72.55, 105.5, 50.9, 2.77], [3296.5, 155.075, 203.875, 175.55, 7.185], [5222.5, 79.5, 188.5, 779.2, 3.755], [791.5833333, 24.33333333, 36.06666667, 86.5, 0.876666667], [2553.5, 72.4, 251.0, 9.55, 3.965], [3257.25, 59.7, 96.0, 512.75, 4.01], [0.0, 0.0, 0.0, 0.0, 0.0], [3588.0, 184.0, 246.0, 154.0, 8.7]]","['Sour Cream Pound Cake', 'Old-Fashioned Potato Kugel', 'Blueberry Banana Breakfast Bars', 'Salmon Quiche', 'Simply Egg Salad', 'Polish Egg Salad', 'Irish Egg Rolls', 'Bread Pudding', 'Mini Frittatas with Quinoa', 'Egg White Breakfast Casserole', 'How to Make Perfect Hard-Boiled Eggs', 'Ground Beef Shepherds Pie', 'Green Chile Frittata', 'Ritas Eggs Strata', 'Easy Hamantaschen', 'Kaiserschmarren Austrian Torn Pancakes', 'Tarragon and Spice Deviled Eggs', 'Mariettas Butterscotch Bourbon Biscotti', 'Sour Cream Cranberry Jell-O Salad', 'Breakfast Burritos']"
regular,Indian,"[[967.0, 43.7, 27.35, 23.25, 6.855], [139.0, 6.0, 6.0, 20.5, 0.4925], [1017.25, 32.175, 41.475, 128.275, 7.8375], [855.0, 35.4, 50.3, 53.6, 1.94], [1369.5, 88.225, 109.625, 21.5, 6.5325], [547.5, 26.6, 7.0, 99.6, 1.97], [1148.0, 25.0, 31.0, 189.0, 0.86], [11224.0, 24.5, 43.6, 2782.2, 19.0], [1093.0, 19.25, 96.1, 36.9, 3.77], [2009.0, 82.7, 89.0, 184.4, 10.94], [755.0, 9.65, 41.6, 85.3, 4.1], [2141.0, 87.8, 116.725, 207.475, 13.47], [853.5, 62.125, 32.65, 68.975, 7.265], [33.0, 0.3, 0.4, 7.5, 0.16], [359.5, 6.85, 29.8, 21.3, 1.21], [2755.0, 63.025, 56.9, 472.1, 2.77], [4414.0, 218.05, 177.7, 299.35, 14.45], [155.5, 8.15, 8.15, 17.6, 0.4075], [1435.0, 90.05, 101.6, 22.25, 12.985], [10269.5, 98.3, 134.3, 2156.8, 11.05]]","['Tikka Chicken Jalapeno Poppers', 'Chai Tea Latte', 'Chef Johns Mulligatawny Soup', 'Paneer Tikka Sandwich', 'Spicy Pork Curry', 'Lentil Rice and Veggie Bake', 'Indian Chapati Bread', 'Mango Chutney', 'Indian Saag', 'Lubia Polo Green Bean Rice', 'Curried Butternut Squash and Pear Soup', 'Lamb Gosht Biryani', 'Coconut Curry Tofu', 'Indian Spiced Onions', 'Kurkuri Bhindi Crispy Okra in the Air Fryer', 'Naan', 'Chicken Biryani', 'Haldi Ka Doodh Hot Turmeric Milk', 'Butter Lamb Gravy', 'Rava Laddu']"
regular,Asian,"[[1325.0, 136.0, 35.5, 104.5, 10.58], [1063.5, 46.95, 73.9, 44.5, 5.9525], [973.5, 71.0, 62.75, 37.075, 3.8825], [310.5, 44.95, 6.65, 43.25, 1.675], [1797.0, 133.4, 102.2, 14.8, 14.74], [1363.0, 87.5, 118.2, 21.9, 7.1325], [2456.0, 16.0, 9.0, 588.0, 2.18], [395.0, 7.25, 28.05, 32.35, 6.19], [645.0, 56.0, 40.0, 1.0, 4.05], [1119.75, 63.15, 85.05, 25.75, 5.73], [210.0, 0.4, 23.1, 1.0, 0.12], [388.5, 8.2, 10.9, 79.65, 5.255], [962.75, 2.175, 106.55, 6.8, 0.98], [560.5, 0.5, 42.8, 54.8, 0.495], [2058.0, 7.6, 221.4, 20.5, 2.43], [237.0, 1.9, 0.2, 60.6, 1.665], [590.25, 8.125, 48.3, 41.725, 0.6225], [262.75, 20.175, 0.725, 46.1, 4.995], [3061.0, 28.9, 192.5, 318.2, 4.055], [293.5, 0.475, 9.225, 53.85, 4.6825]]","['Easy Fried Chinese Chicken Balls', 'Tsao Mi Fun Taiwanese Fried Rice Noodles', 'Chinese Spareribs', 'Instant Pot Seitan Loaf', 'Leyleys Spicy Chicken Adobo Wings', 'Chinese Lions Head Soup', 'Biko', 'Collard Green Wontons', 'Ground Beef and Cabbage', 'Pork and Shrimp Pancit', 'Miso Butter', 'Broccoli and Chicken Stir-Fry', 'Easy Indian Curry Dip', 'Yummy Korean Glass Noodles Japchae', 'Egg-Fried Tofu', 'Korean Fried Chicken Sauce', 'Quick and Easy Thai Style Coleslaw', 'Chinese Glass Noodle Soup', 'Wasabi Mashed Potatoes', 'Easy Grilled Teriyaki Chicken']"
regular,Date night dinners,"[[792.0, 0.5, 0.1, 214.0, 0.54], [1229.5, 0.95, 40.8, 225.05, 1.27], [1932.5, 18.7, 42.1, 381.3, 4.2325], [72.0, 1.35, 0.1, 17.65, 0.75], [803.5, 80.95, 36.3, 21.5, 8.0725], [1185.0, 2.225, 47.2, 202.3, 2.405], [2020.5, 94.85, 84.6, 199.55, 8.4], [5945.0, 64.9, 302.0, 735.0, 6.205], [173.0, 9.9, 7.4, 15.2, 2.54], [6108.0, 60.45, 344.0, 717.1, 17.375], [408.0, 0.0, 0.0, 84.0, 7.4], [198.0, 1.8, 14.4, 20.4, 1.075], [5179.5, 66.9, 163.0, 855.2, 6.51], [388.0, 10.8, 30.0, 22.7, 1.86], [517.25, 17.5, 33.55, 38.45, 3.075], [0.0, 0.0, 0.0, 0.0, 0.0], [136.0, 1.1, 0.1, 30.1, 0.74], [2509.583333, 25.85, 135.4166667, 290.3833333, 1.685833333], [238.5, 0.6, 0.2, 44.5, 1.265], [4871.0, 20.35, 332.25, 502.425, 4.215]]","['Brazilian Grilled Pineapple', 'Caramel Apple Monkey Bread', 'Easy Apple Strudel', 'Blood Orange Margarita', 'Parsley and Parmesan Crusted Pork Tenderloin', 'Sauteed Apples', 'Chef Johns Turkey Sloppy Joes', 'Best Chocolate Chip Cookies', 'Mango Bruschetta', 'Dirt Cake', 'Oreo Devils', 'Lemon-Orange Orange Roughy', 'Lemon Cupcakes', 'Cherry Tomato Bites', 'Mediterranean Dip', 'Our 10 Best Pumpkin Pie Recipes of All Time Are the Pick of the Pumpkin Patch', 'Danis Butt Kickin Bloody Mary Mix', 'Traditional Mince Pies', 'Tropical Matcha Cocktail', 'Reindeer Poop Popcorn']"
regular,Gourmet delights,"[[3812.5, 191.0, 151.4, 361.35, 47.9475], [7577.0, 95.0, 455.7, 752.1, 3.385], [2049.0, 86.15, 44.65, 366.05, 2.955], [34.0, 1.825, 1.475, 6.825, 0.2675], [644.0, 52.05, 29.8, 6.05, 10.8425], [189.0, 0.0, 0.0, 18.0, 0.75], [1755.0, 3.0, 47.2, 335.45, 3.51], [4597.5, 17.0, 429.125, 225.3, 7.2775], [391.0, 12.0, 17.5, 52.7, 1.985], [2939.5, 59.25, 225.5, 125.6, 8.99], [552.5, 23.5, 36.5, 18.5, 3.7], [442.0, 4.0, 28.0, 46.0, 0.98], [1638.0, 88.6, 112.5, 55.05, 5.5725], [2038.0, 141.1, 151.35, 5.2, 12.41], [879.0, 90.0, 65.0, 0.5, 10.24], [599.0, 48.35, 31.05, 32.15, 5.975], [3218.0, 28.5, 115.75, 521.75, 2.035], [9398.0, 120.8, 598.2, 943.45, 15.59], [4103.5, 197.7, 273.9, 152.5, 16.3], [5455.25, 49.65, 206.25, 862.55, 3.3375]]","['Lobster Ravioli in Tomato Cream Sauce with Shrimp', 'Chin Chin', 'Passover Sponge Cake', 'Chili Powder', 'Spicy Ahi Poke Salad', 'Pink Brain Shooter', 'Pear Tarte Tatin', 'The Best Paleo Chocolate Cake with Paleo Chocolate Frosting', 'Blueberry Chia Pudding with Almond Milk', 'Kahlua Oreo Tiramisu', 'Cross Rib Roast', 'Roasted Onions', 'Scrumptious Salisbury Steak in Mushroom Gravy', 'Serbian evapii', 'Original Steak Tartare', 'Mahi Mahi Ceviche', 'Chocolate Cherry Upside Down Cake', 'Potato Salad', 'Heavenly Lamb Shanks', 'Luscious Lemon Triangles']"
regular,Rice and grain galore,"[[1773.5, 70.075, 133.35, 68.3, 5.4275], [704.5, 8.2, 19.2, 82.2, 0.835], [1074.5, 11.8, 84.1, 69.1, 1.94], [927.5, 21.4, 49.2, 104.075, 3.055], [737.0, 20.5, 2.0, 167.5, 3.82], [6389.0, 411.0, 366.2, 211.4, 28.845], [343.0, 12.0, 10.8, 49.5, 1.18], [878.5, 27.3, 23.85, 135.2, 5.74], [1884.0, 94.8, 44.2, 244.8, 8.1], [717.0, 12.3, 8.4, 156.25, 0.78], [668.0, 14.2, 33.5, 83.7, 1.4425], [935.0, 30.0, 35.5, 80.0, 4.095], [1353.6, 104.25, 59.15, 114.0, 9.0325], [2477.0, 114.8, 100.5, 262.5, 11.56], [2837.5, 155.15, 146.95, 169.0, 19.3975], [3137.0, 92.1, 141.5, 348.9, 18.93], [283.0, 5.75, 4.9, 53.5, 1.1325], [840.0, 20.5, 48.2, 84.9, 4.615], [6440.0, 275.6, 430.6, 405.2, 18.27], [3600.0, 228.1, 202.1, 182.6, 12.57]]","['Norwegian Cabbage Rolls', 'Slow Cooker Oatmeal', 'Easy Authentic Spanish Rice', 'Zucchini Chocolate Oatmeal Bites', 'Classic Turkey and Rice Soup', 'Poochie Meat Cakes', 'Breakfast Rice from Japan', 'Zucchini Risotto', 'Roasted Vegetable Chicken', 'The Best Horchata', 'Slow Cooker Peaches and Cream Steel-Cut Oatmeal', 'Homemade Sushi', 'Korean Sushi', 'Puerto Rican Shepherd Pie Pastelon', 'Marias Paella', 'Saucy Stuffed Peppers', 'Easy and Simple Vegetarian Lettuce Wraps', 'Crab Fried Rice', 'Gandule Rice', 'Homemade Dog Food with Beef']"
regular,Southern comfort,"[[1697.0, 19.95, 26.1, 344.6, 1.7725], [304.0, 13.0, 24.0, 1.4, 0.72], [5924.0, 47.675, 346.1, 663.55, 3.795], [2359.75, 103.72, 188.065, 38.06, 13.5], [383.5, 2.7, 28.3, 33.5, 1.01], [5761.0, 22.3, 186.0, 1020.3, 4.96], [1215.5, 45.0, 37.0, 160.0, 3.625], [1611.0, 63.85, 112.6, 103.5, 4.2375], [3922.5, 70.7, 114.75, 623.05, 3.665], [4669.0, 50.9, 165.2, 754.0, 4.4725], [1915.5, 110.1, 151.1, 14.4, 6.4375], [1203.5, 48.45, 37.65, 155.55, 4.6], [5346.5, 83.8, 321.8, 571.0, 11.66], [3513.0, 42.2, 198.0, 365.9, 7.9], [1956.25, 69.725, 58.15, 284.525, 3.3], [1622.75, 24.25, 74.25, 232.5, 2.32], [1335.5, 16.55, 36.35, 227.1, 2.155], [3935.5, 198.2, 250.15, 221.25, 14.155], [782.25, 38.275, 26.35, 79.8, 3.3725], [1081.0, 56.4, 60.0, 101.8, 10.715]]","['Cowboy Cookie Mix in a Jar', 'Yummy Cheese Fries', 'Cinnamon Roll Waffles', 'Grits a Ya Ya', 'New York Pushcart Onions For Hot Dogs', 'Pineapple Upside-Down Pound Cake', 'Simply the Easiest Beef Brisket', 'Twice Baked Potato Casserole With Bacon', 'Best Ever Irish Soda Bread', 'Coconut Gumdrop Cookies', 'Spinach, Sausage, and Egg Casserole', 'Oklahoma Brisket', 'Mothers Potato Salad', 'Classic Pecan Pie', 'Overnight Matzo Bake', 'Coconut Macaroons German Style', 'Brandy Pecan Pie', 'Sausage Hashbrown Breakfast Casserole', 'Sloppy Joe Sandwiches', 'Tasty Collard Greens']"
regular,Italian,"[[558.0, 26.475, 37.125, 15.475, 9.1375], [1411.5, 28.1, 30.5, 241.3, 0.8125], [1689.75, 114.6, 77.3, 92.15, 7.2325], [2690.0, 7.0, 179.5, 249.0, 2.125], [605.5, 52.9, 22.1, 21.5, 7.135], [1556.5, 154.425, 64.825, 67.925, 12.8425], [642.5, 22.55, 53.85, 35.25, 1.7875], [2667.25, 63.75, 91.25, 381.2, 3.5925], [441.5, 24.85, 33.65, 14.375, 4.7], [2522.5, 54.15, 178.9, 156.1, 7.85], [322.5, 18.8, 22.75, 8.25, 1.625], [2296.75, 154.95, 171.6, 35.0, 8.34], [2156.5, 38.025, 220.85, 7.925, 3.975], [983.0, 80.26, 64.52, 37.63, 6.83], [496.0, 33.0, 39.0, 1.2, 2.66], [2326.25, 75.7, 128.0, 196.9, 4.115], [565.5, 24.0, 21.4, 65.4, 2.01], [1643.25, 84.725, 99.15, 94.55, 9.65], [2922.5, 37.5, 92.5, 474.5, 2.82], [1447.5, 85.25, 98.45, 54.25, 5.6125]]","['Creamy Crab and Pasta Salad', 'Pizza Crust I', 'Lasagna Roll-Ups', 'Tiramisu Toffee Dessert', 'Shrimp Gumbo', 'Easy Weeknight Chicken Parmesan', 'Tempeh Pesto Pasta', 'Crunchy Almond Biscotti', 'Festive Olive and Cheese Appetizer', 'Pasta with Gorgonzola Sauce and Radicchio', 'Personal Portobello Pizza', 'Chef Johns Italian Meatballs', 'The Last Caesar Salad Recipe Youll Ever Need', 'Stuffed Peppers with Turkey and Vegetables', 'Spaghetti alla Carbonara', 'Homemade Four Cheese Ravioli', 'Ziti with Tomato-Pesto Sauce', 'Italian Stuffed Cubanelle Peppers', 'Double Chocolate Biscotti II', 'Swedish Meatballs with Noodles']"
regular,Pasta perfection,"[[2574.0, 133.45, 200.0, 7.1, 12.5], [2622.0, 196.2, 129.5, 42.5, 24.35], [1921.5, 60.1, 101.8, 180.5, 7.555], [154.0, 6.45, 1.05, 35.0, 1.3], [3958.0, 212.3, 207.7, 292.35, 14.395], [873.75, 7.2, 73.0, 44.7, 1.4125], [1018.75, 26.05, 45.75, 117.35, 0.845], [1453.5, 64.45, 57.6, 172.3, 4.36], [282.0, 5.65, 0.25, 58.6, 3.1575], [700.25, 18.1, 24.85, 102.925, 2.095], [754.0, 35.1, 38.8, 44.8, 10.31], [818.5, 35.15, 2.65, 49.9, 7.845], [558.0, 26.475, 37.125, 15.475, 9.1375], [2183.0, 121.9, 106.5, 158.9, 9.54], [246.5, 0.45, 28.4, 1.7, 0.135], [1491.6, 49.275, 80.025, 149.0, 3.9325], [955.0, 31.0, 25.5, 151.9, 2.0], [570.25, 12.95, 57.025, 2.175, 1.155], [1478.5, 37.5, 87.6, 90.4, 4.92], [586.0, 13.55, 5.55, 118.3, 1.485]]","['Easy Slow Cooker Stroganoff', 'Seafood Lasagna II', 'Creamy Pasta Primavera with Chicken and Sausage', 'No Mayo Easy Pasta Salad', 'Filipino Spaghetti', 'Mushroom Ravioli', 'Grandmas Butter Noodles', 'Deluxe Ham Casserole', 'Faux-kin Noodle Soup Vegan Chicken Noodle Soup', 'Easy Cold Pasta Salad', 'Blackened Shrimp Stroganoff', 'Curry Pasta - Pakistani Style', 'Creamy Crab and Pasta Salad', 'Fettuccine Alfredo with Ham', 'Fideo', 'Vegetable Cornish Pasties', 'Easy Tuna Casserole', 'Gnocchi with Sage-Butter Sauce', 'Buffalo Chicken Baked Ziti', 'Homemade Gluten-Free Gnocchi']"
regular,Chicken creations,"[[1616.5, 202.0, 62.0, 10.0, 9.25], [2329.5, 110.95, 173.45, 92.4, 12.295], [932.0, 53.1, 64.3, 13.3, 4.3425], [1775.0, 79.0, 26.3, 300.0, 6.025], [297.0, 32.6, 4.7, 31.6, 3.21], [2719.5, 89.5, 248.1, 4.0, 6.35], [871.0, 111.4, 45.6, 8.3, 3.8], [2059.0, 123.8, 80.0, 87.1, 8.955], [2264.0, 68.0, 38.0, 381.1, 10.59], [616.0, 70.6, 33.0, 22.2, 1.9], [2360.0, 24.0, 205.0, 0.0, 3.03], [987.0, 111.525, 25.275, 48.95, 11.525], [2824.0, 114.675, 168.75, 162.3, 11.9625], [996.0, 45.925, 28.625, 17.125, 4.4425], [2846.0, 112.0, 232.0, 16.0, 9.52], [716.5, 50.6, 44.1, 14.45, 4.685], [3417.5, 133.0, 232.25, 172.85, 14.515], [888.75, 75.45, 48.15, 39.75, 6.125], [715.0, 73.2, 50.4, 3.6, 3.81], [715.25, 32.65, 50.6, 29.5, 3.335]]","['Chicken Florentine Dip', 'Pressure Cooker Paella with Chicken Thighs and Smoked Sausage', 'Filipino Chicken Adobo', 'Hot Shredded Chicken Sandwiches', 'Sensational Chicken Noodle Soup', 'Mayo Chicken', 'Frito Chicken Casserole', 'Teriyaki Chicken with Mushrooms and Broccoli', 'The Best Ever Chicken Nuggets', 'Tex-Mex Chicken Casserole', 'Chicken, Rice, and Green Bean Casserole', 'Originals Oven Roasted Chicken Salad Mason Jar', 'Easy Buffalo Chicken Meatballs', 'Scarletts Chicken Cacciatore', 'Chicken Spaghetti II', 'Buffalo Chicken Nacho Bowl', 'Chicken and Chorizo Paella on the Grill', 'Spiced Chicken Loaf', 'Lazygirls Ground Turkey Stroganoff', 'Chicken Leg Toast']"
regular,Beef dishes,"[[1253.5, 65.5, 83.5, 22.15, 5.81], [881.0, 61.6, 40.5, 52.7, 4.575], [2042.75, 165.0, 81.4, 140.9, 11.1025], [3287.0, 272.2, 224.1, 31.1, 16.54], [1442.0, 103.475, 92.475, 9.925, 37.375], [1350.25, 85.75, 98.1, 45.85, 6.9875], [3451.5, 155.25, 249.95, 99.1, 16.07], [3955.5, 274.2, 224.0, 200.0, 17.44], [1567.0, 72.95, 152.5, 1.1, 12.49], [951.0, 53.225, 54.725, 21.925, 15.6125], [520.75, 2.975, 46.25, 23.3, 0.2475], [748.0, 45.0, 54.0, 7.2, 12.64], [1901.0, 126.925, 122.775, 14.35, 29.055], [3955.5, 274.2, 224.0, 200.0, 17.44], [2482.5, 79.0, 60.7, 397.8, 8.1525], [1586.0, 75.0, 107.2, 28.0, 8.75], [3955.5, 274.2, 224.0, 200.0, 17.44], [230.75, 25.675, 6.25, 18.4, 2.0325], [3955.5, 274.2, 224.0, 200.0, 17.44], [2799.0, 99.2, 172.825, 246.15, 11.4475]]","['Grandmas Ground Beef Casserole', 'French Onion Casserole', 'Slow Cooker Beef Stew', 'Oven Barbecued Beef Brisket I', 'Filet Mignon with Bacon Cream Sauce', 'Szechuan Beef', 'Rabo Encendido Cuban Oxtail Stew', 'Jewish Style Sweet and Sour Brisket', 'Reverse-Sear Prime Rib Roast', 'Filet Mignon with Mushroom-Cabernet Gravy', 'Simple Beef-Flavored Gravy', 'Rock Salt Roast Prime Rib', 'Roast Beef Tenderloin', 'Jewish Style Sweet and Sour Brisket', 'Easy Korean Ground Beef Bowl', 'Mom Sykes Hungarian Goulash', 'Jewish Style Sweet and Sour Brisket', 'Grandmas Best Pot Roast', 'Jewish Style Sweet and Sour Brisket', 'Crispy Ginger Beef']"
regular,Cajun,"[[2116.5, 120.35, 111.1, 92.9, 15.345], [936.0, 58.625, 51.625, 43.325, 6.1575], [1538.0, 91.275, 79.3, 115.25, 9.0125], [2670.25, 84.625, 147.85, 188.6, 11.0725], [4928.1, 140.5, 319.2, 192.0, 17.735], [2111.0, 128.85, 76.45, 31.4, 17.505], [2153.5, 77.15, 116.2, 19.5, 13.6975], [2654.0, 192.0, 116.1, 100.2, 21.06], [1096.0, 97.7, 44.4, 63.8, 13.76], [571.5, 42.725, 19.125, 59.625, 2.5075], [1526.75, 110.725, 78.75, 71.1, 12.185], [3877.25, 0.45, 448.425, 7.075, 11.4675], [2548.5, 97.3, 109.7, 190.0, 10.97], [2796.0, 172.6, 45.525, 220.5, 27.11], [1795.5, 136.7, 47.4, 100.7, 15.81], [1564.25, 105.175, 4.05, 297.3, 1.78], [2399.0, 121.0, 158.8, 65.6, 11.175], [4223.75, 285.15, 185.25, 136.4, 43.355], [2548.5, 97.3, 109.7, 190.0, 10.97], [1064.75, 78.55, 59.7, 49.9, 12.32]]","['Shrimp Gumbo with Okra', 'Chef Johns Shrimp and Grits', 'Ragin Cajun Pasta', 'Louisiana Crawfish touffe', 'Boudreauxs Zydeco Stomp Gumbo', 'Colleens Slow Cooker Jambalaya', 'Go-To Crawfish Etouffee', 'Simple Slow Cooker Jambalaya', 'Instant Pot Cajun Jambalaya', 'Kes Cajun Dirty Rice', 'Best Jambalaya', 'Cajun Chicken', 'Crawfish Fettuccine I', 'Instant Pot Seafood Gumbo', 'Slow Cooker Jambalaya Vegan', 'Pressure Cooker Red Beans and Sausage', 'Cajun Style Meatloaf', 'Good New Orleans Creole Gumbo', 'Crawfish Fettuccine I', 'Sausage and Shrimp Gumbo']"
regular,Seafood spectacular,"[[865.0, 20.55, 27.55, 117.3, 2.695], [215.0, 0.55, 14.2, 25.65, 0.7625], [1328.0, 84.2, 75.0, 4.2, 15.44], [972.0, 88.25, 17.4, 120.2, 9.9875], [1348.0, 77.3, 54.65, 142.95, 10.61], [615.5, 17.5, 56.2, 10.9, 2.265], [2233.5, 205.0, 151.0, 23.2, 26.9175], [859.0, 48.2, 38.2, 60.5, 5.43], [1782.25, 72.6, 113.75, 133.2, 4.345], [996.75, 26.075, 35.25, 131.975, 3.16], [1768.75, 96.85, 124.125, 46.0, 11.445], [1055.5, 42.625, 24.025, 174.5, 2.8725], [1816.5, 60.0, 82.0, 170.8, 3.16], [2070.0, 84.0, 104.0, 205.0, 16.125], [1787.5, 100.5, 89.65, 145.0, 13.68], [1187.0, 72.5, 72.2, 40.3, 7.58], [1306.5, 25.3, 61.5, 126.8, 3.255], [2073.75, 91.75, 140.5, 83.3, 5.2925], [422.0, 48.6, 24.4, 6.7, 6.91], [1604.0, 14.76, 155.02, 51.03, 2.72]]","['New England Clam Chowder II', 'Pan-Seared Red Snapper', 'Blackened Tuna', 'Slow-Cooker Fish Chowder', 'Quick Fish Tacos', 'Mediterranean Salmon Pasta Salad', 'Smoked Salmon Quiche', 'Shrimp Chowder', 'Tuna Noodle Casserole with Bechamel Sauce', 'Easy Instant Pot Clam Chowder', 'Citrus Ceviche', 'Tuna Noodle Casserole with Mushrooms', 'Tuna, Noodles, Pickles and Cheese', 'Grilled Salmon', 'Moms Smoked Salmon Fried Rice', 'Cheesy Shrimp and Grits', 'New England Clam Chowder', 'Salmon Quiche', 'Fish in Foil', 'Salmon en Crote']"
regular,French,"[[2511.0, 82.0, 118.0, 270.2, 4.7625], [1593.0, 51.45, 92.5, 136.9, 4.1025], [6134.5, 97.0, 254.0, 815.8, 9.1], [4484.0, 60.2, 208.0, 579.2, 2.735], [2223.75, 2.35, 249.4, 14.65, 2.285], [1196.0, 72.2, 59.8, 72.2, 10.5525], [1312.5, 65.1, 68.6, 67.3, 16.47], [1234.0, 48.1, 54.5, 126.6, 3.2775], [1349.0, 51.375, 95.625, 84.55, 3.225], [3607.5, 68.3, 215.0, 332.8, 2.345], [2338.5, 45.9, 95.45, 306.2, 4.0125], [1654.0, 39.6, 13.2, 323.0, 1.41], [2430.25, 39.45, 85.5, 403.0, 9.7425], [2307.5, 49.5, 48.1, 431.85, 3.565], [881.0, 61.6, 40.5, 52.7, 4.575], [1322.5, 27.5, 103.0, 75.35, 1.1675], [1380.0, 76.0, 86.0, 78.0, 4.5025], [2185.0, 42.45, 129.0, 232.1, 2.3675], [1965.0, 71.3, 74.0, 282.95, 3.71], [1844.5, 109.875, 118.525, 44.925, 11.8925]]","['Peanut Butter and Jelly French Toast Casserole', 'Croissant French Toast', 'Beignets', 'Lige Belgian Waffles with Pearl Sugar', 'Remoulade Sauce  la New Orleans', 'Georges Salmon-Pepper Pate', 'Boeuf en Crote', 'Stuffed French Toast', 'Creamiest Chocolate Mousse', 'Brioche', 'Crme Brle French Toast', 'Fougasse French-Style Flatbread', 'Fabiennes Gluten-Free Raspberry Almond Cake', 'Strawberry Bruschetta', 'French Onion Casserole', 'Stefs Slow Cooker Creme Brulee', 'Overnight Breakfast Bake with Ham, Cheese, and Croissants', 'Skiers French Toast', 'Buche de Noel', 'French Onion Chicken Meatballs']"
regular,Global fusion,"[[1032.5, 50.1, 60.35, 42.175, 16.065], [2875.5, 55.6, 204.4, 173.45, 7.845], [1713.25, 80.45, 111.0, 80.075, 4.8775], [3154.5, 28.0, 157.0, 402.25, 2.075], [3271.5, 63.825, 283.0, 110.25, 6.275], [818.5, 35.15, 2.65, 49.9, 7.845], [86.0, 3.8, 1.9, 16.6, 0.91], [375.0, 1.9, 1.2, 99.7, 5.295], [1067.5, 24.25, 75.25, 80.3, 1.5275], [604.0, 49.7, 40.4, 6.8, 2.1825], [17.0, 0.2, 1.5, 0.3, 0.05], [2157.5, 39.05, 60.4, 362.85, 5.15], [5372.0, 336.0, 395.0, 151.55, 28.495], [694.25, 16.975, 37.05, 71.8, 5.545], [2106.5, 82.15, 73.1, 266.2, 9.52], [42.0, 1.65, 1.4, 7.1, 0.44], [3145.75, 62.225, 150.0, 408.525, 6.64], [2025.0, 130.5, 60.45, 109.55, 12.275], [901.5, 34.3, 22.7, 19.3, 3.88], [946.75, 10.05, 101.525, 2.3, 1.125]]","['Paella I', 'Tasty Tortellinis', 'Spinach Ricotta Quiche', 'Vanilice Serbian Sandwich Cookies', 'Cheese Onion Garlic Bread', 'Curry Pasta - Pakistani Style', 'Creole Seasoning Blend', 'Instant Pot Applesauce', 'Pineapple Baked Rice Main Course for Chinese New Year', 'Chinese Tea Leaf Eggs', 'Irish Coffee', 'Plum Torte', 'Chef Johns Lasagna', 'Instant Pot Vegan Bulgogi', 'Sloppy Bulgogi', 'Tandoori Masala Spice Mix', 'Cardamom Creme Brulee Parfait with Candied Pumpkin', 'Kabobs', 'Tex Mex Stir Fry', 'Veronicas Hot Spinach, Artichoke and Chile Dip']"
regular,Japanese,"[[935.0, 30.0, 35.5, 80.0, 4.095], [1426.6, 50.7, 35.55, 193.05, 5.545], [85.0, 6.5, 5.2, 2.8, 0.195], [2000.0, 1.2, 216.2, 20.85, 1.365], [474.0, 21.0, 16.4, 56.8, 0.805], [345.0, 14.2, 2.6, 61.4, 2.285], [2628.5, 20.3, 62.5, 508.3, 2.6125], [1757.0, 2.8, 198.15, 6.0, 1.145], [46.75, 2.8, 0.4, 9.5, 0.775], [210.0, 0.4, 23.1, 1.0, 0.12], [275.0, 4.0, 0.5, 61.0, 0.7], [2286.0, 49.1, 231.3, 11.0, 3.75], [2841.0, 24.0, 0.0, 698.0, 3.9375], [1526.25, 39.25, 79.75, 72.35, 9.68], [991.0, 72.15, 61.15, 38.25, 6.6075], [1443.75, 89.8, 47.175, 139.6, 7.0375], [3528.6, 99.0, 292.15, 130.75, 10.035], [746.25, 21.6, 37.2, 71.75, 3.21], [1016.5, 27.8, 52.3, 129.5, 1.42], [1678.0, 61.0, 81.8, 141.5, 8.72]]","['Homemade Sushi', 'Buffalo Chicken Sushi Roll', 'Tamagoyaki Japanese Sweet Omelet', 'Japanese-Style Ginger Salad Dressing', 'Omuraisu Japanese Rice Omelet', 'California Sushi Roll', 'Mochi Donuts', 'Super Easy Dip for Artichokes or Asparagus', 'Tempura Dipping Sauce', 'Miso Butter', 'Instant Pot Sushi Rice', 'Japanese Wasabi Deviled Eggs', 'Chi Chi Dango', 'Rock Shrimp Tempura Pan-Fried', 'Teriyaki Pork Chops', 'Dragon Roll', 'Japanese Shrimp Fried Rice with Yum Yum Sauce', 'Lazy Mans Sushi Salad', 'Japanese Banana Rice Pudding', 'Basic California Roll']"
regular,Beginner-friendly ,"[[4544.0, 52.75, 209.5, 608.3, 5.52], [1991.0, 12.3, 11.7, 470.9, 6.75], [2767.75, 37.45, 106.35, 415.8, 4.0525], [5854.5, 74.45, 312.0, 639.6, 12.425], [2070.0, 27.25, 63.25, 345.5, 1.8825], [8766.25, 64.875, 459.75, 1128.1, 7.665], [1654.0, 14.8625, 47.475, 285.7125, 1.98375], [6132.5, 62.5, 247.5, 926.6, 3.735], [2366.75, 109.4, 169.925, 95.9, 6.4525], [1702.25, 15.55, 109.0, 174.375, 3.28], [1347.0, 106.3, 82.6, 9.9, 8.93], [1486.0, 21.25, 108.0, 120.75, 1.965], [3255.25, 51.25, 113.25, 502.3, 4.475], [852.5, 15.35, 79.25, 39.6, 1.75], [2138.0, 23.9, 96.7, 307.3, 3.215], [408.0, 0.0, 0.0, 84.0, 7.4], [2792.0, 39.6, 100.0, 420.6, 1.7], [1675.25, 20.3, 52.45, 272.475, 2.0475], [1909.75, 42.675, 104.0, 205.875, 3.43], [11011.0, 146.0, 380.4, 1700.0, 6.71]]","['Chocolate Cookies', 'Easy Sweet Potato Casserole', 'Poppy Seed Cookies II', 'No-Bake Cookie Dough Truffles', 'Chocolate Oatmeal Cookies', 'Easy Carrot Cake', 'Banana Snickerdoodle Bars', 'Pumpkin Gingerbread', 'Pasta Carbonara I', 'Ethiopian Cabbage Dish', 'White Chili with Ground Turkey', 'Chocolate-Dipped Coconut Macaroons', 'Hawaiian Wedding Cake I', 'Coconut Ice Cream', 'Gingersnap-Crusted Pumpkin Pie Cheesecake Bars', 'Oreo Devils', 'Sugar Cookies with Honey', 'Snickerdoodle Bars', 'The Best Chocolate Souffle Torte', 'Easy Gingerbread House']"
regular,Italian ,"[[1547.25, 62.225, 67.0, 182.025, 6.54], [892.25, 49.375, 31.475, 97.675, 3.6025], [1069.5, 11.625, 85.0, 63.825, 3.1375], [2797.0, 109.4, 180.2, 163.6, 11.555], [359.5, 6.0, 19.25, 41.0, 2.635], [2108.5, 161.25, 128.0, 7.5, 9.3125], [1836.5, 109.6, 108.35, 55.8, 8.0175], [3928.5, 157.55, 335.75, 52.9, 11.915], [2597.75, 25.275, 255.4, 14.75, 5.0475], [2039.5, 8.7, 224.1, 7.325, 3.3175], [2340.0, 110.15, 148.9, 80.45, 8.7], [1342.5, 77.95, 124.0, 10.95, 4.195], [1528.5, 3.775, 162.775, 20.025, 1.9875], [725.0, 31.3, 19.2, 106.5, 0.92], [1061.0, 114.8, 50.8, 19.3, 5.52], [2207.0, 81.6, 134.25, 192.2, 5.635], [926.0, 60.85, 53.85, 27.2, 4.455], [818.25, 47.05, 57.75, 11.9, 4.8225], [2425.5, 36.0, 229.7, 18.35, 2.31], [995.0, 64.225, 64.525, 25.425, 4.885]]","['Polenta Taragna with Taleggio and Radicchio', 'Homemade Pumpkin Gnocchi', 'Instant Pot Brown Rice and Mushroom Risotto Vegan and Gluten-Free', 'Shrimp and Asparagus Fettuccine', 'Creamy Coconut Polenta', 'The Best Spaghetti Casserole', 'Johnny Marzetti Casserole', 'The Best Meatballs', 'Shrimp and Pasta Salad', 'Grilled Caesar Chicken', 'Chef Johns Meatball-Inspired Meatloaf', 'Fast Creamy Tomato Penne', 'Roasted Peppers in Oil Peperoni Arrostiti Sotto Olio', 'Crazy Crust Pizza Dough', 'Stuffed Shells IV', 'Roman-Style Gnocchi', 'Jos Manicotti', 'Keto Fathead Pizza with Chorizo and Salsa', 'Italian Stuffed Pasta Tubes', 'The Best Meatballs Youll Ever Have']"
regular,Grilling ,"[[1526.75, 110.725, 78.75, 71.1, 12.185], [1213.0, 70.5, 84.6, 22.5, 3.935], [364.5, 9.2, 2.6, 79.8, 6.835], [1827.5, 62.75, 55.1, 244.85, 6.515], [2153.5, 77.15, 116.2, 19.5, 13.6975], [1069.5, 11.625, 85.0, 63.825, 3.1375], [2850.0, 194.05, 146.3, 186.65, 21.1375], [1426.6, 50.7, 35.55, 193.05, 5.545], [792.0, 46.35, 28.0, 62.5, 5.82], [1190.5, 58.85, 99.575, 15.075, 13.685], [2300.0, 28.0, 235.5, 39.0, 2.09], [767.5, 58.6, 42.5, 27.45, 5.145], [1147.5, 49.375, 45.425, 152.75, 3.7675], [469.5, 5.925, 46.225, 7.525, 5.3725], [2899.5, 54.075, 239.075, 101.375, 5.2675], [1347.0, 106.3, 82.6, 9.9, 8.93], [1806.0, 107.775, 94.05, 118.05, 16.92], [1964.0, 124.7, 104.25, 34.45, 12.93], [2321.5, 124.625, 157.9, 66.95, 12.92], [2827.75, 134.175, 221.9, 85.5, 8.535]]","['Best Jambalaya', 'Not Your Grandmas Chopped Chicken Liver', 'Miso and Soy Chilean Sea Bass', 'Korean Barbecue-Style Meatballs', 'Go-To Crawfish Etouffee', 'Instant Pot Brown Rice and Mushroom Risotto Vegan and Gluten-Free', 'Chef Johns Irish Stew', 'Buffalo Chicken Sushi Roll', 'Honey BBQ Pulled Pork in the Slow Cooker', 'Roasted Rack of Lamb', 'Weeknight Chicken Cordon Bleu', 'Sweet and Spicy Ginger Beer Pulled Pork', 'Curry Split Pea Soup', 'Sous Vide Cajun Boneless Chicken Breast with Creamy Pan Sauce', 'Pickle-Fried Chicken', 'White Chili with Ground Turkey', 'Shrimp, Sausage, and Fish Jambalaya', 'Healthy Shepherds Pie with Ground Turkey', 'Oven Bag Pot Roast', 'Halal Cart Chicken and Rice']"
regular,European,"[[5201.0, 57.25, 352.25, 456.5, 6.1475], [4420.0, 82.55, 168.25, 644.55, 8.54], [2312.0, 147.65, 162.45, 25.45, 12.32], [6102.0, 120.0, 229.2, 874.0, 12.01], [1055.0, 66.3, 49.4, 49.5, 4.41], [12483.0, 49.8, 376.0, 2265.4, 7.645], [2527.5, 44.2, 122.2, 363.55, 3.105], [4015.0, 45.45, 246.9, 401.2, 3.2525], [1586.0, 75.0, 107.2, 28.0, 8.75], [1898.0, 47.45, 141.0, 68.85, 5.245], [1187.75, 39.25, 79.225, 81.75, 1.79], [4189.0, 50.925, 203.0, 389.55, 27.0375], [5712.5, 123.1, 131.25, 962.9, 6.57], [791.5833333, 24.33333333, 36.06666667, 86.5, 0.876666667], [1198.0, 81.75, 87.375, 34.75, 4.5775], [2215.25, 136.55, 149.125, 63.475, 9.0875], [2527.0, 41.45, 95.0, 359.1, 3.0], [4690.5, 79.45, 221.6, 522.4, 11.19], [4420.0, 82.55, 168.25, 644.55, 8.54], [984.0, 73.3, 42.45, 57.25, 5.195]]","['Danish Kringle', 'Semla Swedish Fat Tuesday Buns', 'Beef Stroganoff', 'Ukrainian Olhas Varenyky Perogies', 'Polish Stuffed Cabbage', 'Empire Biscuits', 'Portuguese Custard Tarts Pasteis de Nata', 'Swedish Ground Almond Spritz Cookies', 'Mom Sykes Hungarian Goulash', 'Gehakt Ballen Dutch Meatballs', 'Kaiserschmarrn', 'Hungarian Chestnut Cake', 'Pierogi Traditional Polish Dumplings', 'Kaiserschmarren Austrian Torn Pancakes', 'Frikadeller Danish Meatballs', 'Swedish Meatballs Svenska Kottbullar', 'Pierogies', 'Sacher Torte', 'Semla Swedish Fat Tuesday Buns', 'Hungarian Goulash III']"
regular,Northeastern delights,"[[2040.0, 93.4, 81.0, 183.8, 10.4], [755.0, 61.3, 43.55, 12.9, 14.68], [3169.5, 66.0, 129.0, 279.75, 7.705], [3922.5, 70.7, 114.75, 623.05, 3.665], [340.0, 19.0, 17.0, 31.0, 1.36], [6128.0, 62.6, 247.7, 925.275, 3.69], [2413.0, 78.9, 229.0, 14.7, 4.84], [933.5, 38.0, 49.6, 88.05, 3.115], [2302.75, 73.3, 22.2, 392.55, 2.805], [2677.5, 17.175, 139.5, 338.65, 1.25], [1746.0, 57.7, 93.9, 108.6, 14.09], [2377.0, 44.275, 107.275, 351.325, 3.48], [2886.0, 25.2, 34.7, 603.6, 2.26], [2330.5, 8.125, 94.025, 381.575, 4.3175], [6566.75, 111.4, 207.25, 1002.75, 5.185], [6128.0, 62.6, 247.7, 925.275, 3.69], [1223.5, 9.05, 39.75, 206.55, 1.42], [9121.0, 8.6, 1.3, 1333.0, 70.565], [6128.0, 62.6, 247.7, 925.275, 3.69], [865.0, 20.55, 27.55, 117.3, 2.695]]","['Easy Shepherds Pie', 'New England Crab Cakes', 'Jack Daniels Very Merry Eggnog', 'Best Ever Irish Soda Bread', 'Turkey-Pesto Toasterdilla', 'Downeast Maine Pumpkin Bread', 'Easy North Carolina Barbeque', 'Eggnog Creme Brulee', 'Chef Johns Boston Baked Beans', 'Simple Scottish Shortbread', 'New England Razor Clam Chowder', 'Nashville Hot Chicken and Waffle Sandwich', 'Cranberry Hootycreeks', 'Chef Johns Caramel Apple Pie', 'Irish Soda Bread with Raisins', 'Downeast Maine Pumpkin Bread', 'Simple Puff Pastry Cinnamon Rolls', 'Coal Region Boilo', 'Downeast Maine Pumpkin Bread', 'New England Clam Chowder II']"
regular,Southwest flavors,"[[1223.0, 80.2, 48.7, 132.45, 2.875], [34.0, 1.825, 1.475, 6.825, 0.2675], [1371.0, 37.6, 81.2, 110.7, 3.12], [1223.5, 9.05, 39.75, 206.55, 1.42], [1068.5, 20.0, 83.0, 58.5, 4.215], [282.5, 1.3, 28.7, 8.5, 0.345], [3632.5, 59.9, 290.0, 204.4, 5.96], [3365.5, 193.55, 234.75, 82.3, 27.63], [1077.1, 4.5, 112.8, 25.0, 2.18], [3811.25, 168.375, 224.575, 326.2, 9.11], [1280.0, 35.85, 76.4, 102.4, 2.3025], [951.0, 22.825, 52.575, 97.825, 4.365], [878.0, 20.3, 54.1, 81.5, 2.58], [4674.25, 100.55, 221.3, 504.85, 8.8], [799.0, 14.8, 60.1, 65.9, 6.38], [1173.5, 62.35, 53.725, 94.575, 5.35], [318.0, 50.0, 9.0, 13.4, 7.045], [586.5, 15.25, 12.35, 105.6, 1.555], [3632.5, 59.9, 290.0, 204.4, 5.96], [2330.5, 8.125, 94.025, 381.575, 4.3175]]","['Southwest BBQ Chicken Tacos', 'Chili Powder', 'Mexican Style Cornbread', 'Simple Puff Pastry Cinnamon Rolls', 'Southwest Chicken Panini', 'Homemade Chili Seasoning Popcorn', 'New Mexico Green Chile Breakfast Burritos', 'Taqueria-Style Tacos - Carne Asada', 'Spicy Southwestern Slaw', 'Southwest Breakfast Burritos', 'Stevens Baked Nachos', 'Southwestern Quinoa Salad', 'Jalapeno Popper Quesadillas', 'Poblano and Cheese Tamales Tamales de Rajas con Queso', 'Julias New Mexican Guacamole', 'Mexican Pizza', 'Duck Jalapeo Poppers', 'Spicy Spanish-Style Rice', 'New Mexico Green Chile Breakfast Burritos', 'Chef Johns Caramel Apple Pie']"
regular,Coastal cuisine,"[[729.5, 55.25, 32.0, 58.8, 8.13], [1559.0, 8.6, 0.1, 208.4, 5.05], [315.75, 0.775, 0.2, 70.15, 0.75], [16.0, 0.0, 0.0, 4.0, 0.02], [1076.0, 2.4, 24.8, 232.2, 1.68], [2576.5, 43.1, 82.725, 395.7, 4.35], [56.0, 1.55, 1.25, 10.75, 1.12], [801.0, 5.175, 0.625, 152.4, 2.9275], [625.75, 6.675, 49.975, 35.55, 2.6625], [16.0, 0.3, 0.1, 4.0, 0.52], [0.0, 0.0, 0.0, 0.0, 2.0], [2479.5, 31.8, 190.6, 190.8, 4.83], [2201.0, 68.6, 177.25, 62.5, 18.485], [448.0, 3.45, 0.475, 124.75, 1.935], [62.0, 2.35, 1.1, 13.65, 2.77], [1500.0, 117.7, 30.5, 137.7, 9.735], [207.0, 40.0, 1.0, 1.0, 7.105], [902.0, 16.0, 7.2, 161.1, 17.76], [182.0, 0.5, 0.2, 46.6, 1.15], [726.5, 3.7, 1.05, 184.25, 1.875]]","['Shrimp and Pineapple Ceviche', 'Caribbean Rum Punch', 'White Sangria with Frozen Fruit', 'Mai Tai', 'Quick Brazilian Lemonade', 'Summery Lime-Mango Shortcakes', 'True Wisconsin Bloody Mary', 'Sangria! Sangria!', 'Veracruz-Style Whitefish', 'Pineapple Margarita', 'Party Punch V', 'Pina Colada Macaroons', 'Seafood Gumbo', 'Sangria Barcelona Style', 'Bubbly Mojito', 'Hawaiian Pork Tenderloin', 'Old Bay-Seasoned Steamed Shrimp', 'Watermelon Mojitos', 'Hawaiian Iced Tea', 'Sangria Cocktail']"
regular,Detoxifying,"[[588.5, 0.0, 0.0, 152.25, 0.695], [71.5, 0.25, 0.2, 19.35, 0.185], [778.0, 0.15, 0.1, 200.25, 0.76], [483.5, 20.4, 20.45, 65.4, 1.08], [593.5, 25.725, 53.05, 4.625, 1.4425], [265.5, 12.75, 17.9, 13.1, 0.325], [337.0, 0.75, 0.15, 94.3, 0.875], [4242.25, 70.35, 257.625, 400.95, 4.02], [1680.0, 0.6, 0.4, 431.0, 2.5], [282.5, 2.75, 0.35, 55.4, 1.85], [1441.5, 14.075, 68.025, 203.85, 1.1275], [864.0, 12.0, 16.0, 96.0, 4.0], [1917.0, 0.3, 34.5, 414.3, 1.1825], [17.0, 0.5, 0.2, 4.5, 0.15], [1673.0, 80.4, 51.75, 211.95, 10.24], [1680.0, 0.6, 0.4, 431.0, 2.5], [928.0, 4.3, 83.4, 32.7, 1.0], [1302.0, 12.25, 136.25, 16.5, 2.62], [1002.0, 0.45, 0.15, 261.05, 1.105], [774.0, 0.0, 0.0, 235.0, 0.5]]","['Old-Fashioned Swedish Glgg', 'Ginger-Turmeric Herbal Tea', 'Never Bitter Lemonade', 'Blueberry, Banana, and Peanut Butter Smoothie', 'Keto Pumpkin Pie', 'Healthy Peanut Butter Mousse', 'Honey Lemonade', 'Sugar Free Blueberry Coffee Cake', 'Old-Fashioned Pink Lemonade', 'Red Wine and Orange Sangria', 'Lemon Poppy Seed Quick Cake', 'Kellys Super Simple Shower Punch', 'Fondant for Chocolate Cherries', 'Creamy Lemonade', 'Slow Cooker Lamb Stew', 'Old-Fashioned Pink Lemonade', 'Mango Mousse', 'Key Lime Pie - Low Carb Version', 'Lavender Lemonade with Hibiscus', 'Gingerade']"
regular,Immune-boosting,"[[1460.75, 32.45, 64.15, 163.15, 8.8525], [4486.5, 148.025, 160.05, 629.875, 10.4125], [1282.75, 105.5, 34.6, 58.8, 15.8975], [3922.0, 54.05, 262.1, 347.7, 5.455], [928.0, 4.3, 83.4, 32.7, 1.0], [1673.0, 80.4, 51.75, 211.95, 10.24], [1342.0, 67.4, 33.0, 155.8, 4.55], [1673.0, 80.4, 51.75, 211.95, 10.24], [1777.0, 8.0, 83.0, 241.0, 3.46], [330.0, 17.2, 26.1, 7.6, 2.39], [265.5, 12.75, 17.9, 13.1, 0.325], [985.5, 0.35, 0.25, 254.3, 1.375], [1327.0, 101.4, 67.1, 97.7, 11.59], [151.0, 3.5, 0.6, 38.7, 2.0], [778.0, 0.15, 0.1, 200.25, 0.76], [3090.75, 10.5, 32.0, 715.0, 2.425], [1673.0, 80.4, 51.75, 211.95, 10.24], [337.0, 0.75, 0.15, 94.3, 0.875], [455.0, 2.4, 0.8, 116.7, 2.25], [415.5, 2.675, 1.7, 108.175, 7.5825]]","['Russian Mushroom and Potato Soup', 'Eggnog Extreme', 'Cold-Busting Ginger Chicken Noodle Soup', 'Sugar-Free Cake', 'Mango Mousse', 'Slow Cooker Lamb Stew', 'Split Pea and Ham Soup II', 'Slow Cooker Lamb Stew', 'Brookville Hotel Sweet and Sour Coleslaw', 'Keto Crackers', 'Healthy Peanut Butter Mousse', 'Peppermint Lemonade', 'Beef and Lentil Stew', 'Lemonade Plus', 'Never Bitter Lemonade', 'Chocolate Frosting with Cocoa Powder', 'Slow Cooker Lamb Stew', 'Honey Lemonade', 'Lemonade', 'Slow Cooker Cider Applesauce No Sugar Added']"
regular,Comfort food,"[[1184.5, 60.0, 74.1, 14.1, 8.325], [3209.0, 113.1, 123.5, 362.9, 12.03], [2423.5, 27.5, 133.7, 276.35, 1.715], [1778.5, 71.0, 88.0, 151.0, 7.8925], [4623.75, 65.125, 153.3, 738.775, 5.45], [1638.0, 69.2, 36.4, 227.9, 7.775], [4072.5, 181.8, 173.2, 450.55, 16.7575], [4280.5, 36.1, 93.45, 825.325, 3.105], [4906.0, 72.1, 111.2, 874.8, 3.37], [4407.5, 27.55, 146.9, 751.9, 4.405], [2040.0, 93.4, 81.0, 183.8, 10.4], [824.0, 60.0, 60.0, 0.0, 4.68], [1044.5, 45.25, 62.9, 71.2, 2.6975], [4478.0, 62.625, 267.6, 456.225, 7.61], [1321.0, 36.375, 89.6, 108.9, 1.915], [1083.0, 67.0, 53.0, 46.4, 5.0], [1039.0, 48.8, 45.4, 74.3, 2.87], [2098.0, 102.0, 110.0, 130.0, 6.03], [2983.5, 3.875, 148.7, 423.95, 1.81], [1253.5, 65.5, 83.5, 22.15, 5.81]]","['Easy Slow Cooker Beef Stroganoff', 'Moms Hearty Beef Stew with Dumplings', 'Quick Coffee Cake', 'Lauries Shepherds Pie', 'Ooey-Gooey Cinnamon Buns', 'Shepherds Pie V', 'Traditional Shepherds Pie', 'Gingerbread Gooey Butter Cookies', 'Kims Gingerbread Cookies', 'Fresh Cherry Crisp', 'Easy Shepherds Pie', 'So Simple Beef Stroganoff', 'Pot Pie with Leftover Pot Roast and Vegetables', 'Sweet Potato Pie with Evaporated Milk', 'Best Brioche French Toast', 'Steffs Shepherd Pie', 'Hot Beef Sundae', 'Shepherds Pie Daddys Way', 'Best Ever Caramel Rolls', 'Grandmas Ground Beef Casserole']"
regular,Southern comfort ,"[[2416.0, 151.1, 112.1, 25.0, 12.645], [5102.0, 41.875, 211.125, 767.7, 9.1675], [2413.0, 78.9, 229.0, 14.7, 4.84], [3967.2, 209.8, 114.5, 515.0, 11.78], [10222.0, 133.75, 1018.25, 108.4, 15.31], [4408.0, 41.9, 135.5, 757.0, 6.5525], [2916.75, 39.0, 99.5, 455.25, 3.065], [2376.5, 38.5, 3.5, 528.0, 1.535], [2416.0, 151.1, 112.1, 25.0, 12.645], [12474.25, 57.975, 550.1, 1868.1, 13.0725], [643.0, 11.225, 55.0, 21.05, 2.305], [3289.0, 209.5, 258.5, 41.95, 6.925], [3465.0, 30.75, 75.5, 663.5, 2.57], [1526.75, 110.725, 78.75, 71.1, 12.185], [11011.0, 146.0, 380.4, 1700.0, 6.71], [1466.0, 112.4, 66.15, 99.95, 7.7025], [1991.0, 12.3, 11.7, 470.9, 6.75], [2153.5, 77.15, 116.2, 19.5, 13.6975], [469.5, 5.925, 46.225, 7.525, 5.3725], [1801.5, 69.925, 95.575, 177.875, 4.6225]]","['Southern-Style Neck Bones', 'Old Fashioned Peach Cobbler', 'Easy North Carolina Barbeque', 'Louisiana Red Beans and Rice', 'Chicken Fried Steak with Cream Pork Sausage Gravy', 'Easy Caramel Apple Pie Bars', 'Grandmother Stougaards Caramel Pecan Sweet Rolls', 'Gingerbread Cookie Mix in a Jar', 'Southern-Style Neck Bones', 'Bananas Foster Cake', 'Southern Cabbage for the Pressure Cooker', 'Cornbread Dressing With Gravy', 'Raspberry Molasses Crinkles', 'Best Jambalaya', 'Easy Gingerbread House', 'Easy Cajun Jambalaya', 'Easy Sweet Potato Casserole', 'Go-To Crawfish Etouffee', 'Sous Vide Cajun Boneless Chicken Breast with Creamy Pan Sauce', 'Make-Ahead Sweet Potato and Chorizo Breakfast Burritos']"
regular,Date night dinners ,"[[1190.5, 58.85, 99.575, 15.075, 13.685], [8766.25, 64.875, 459.75, 1128.1, 7.665], [10222.0, 133.75, 1018.25, 108.4, 15.31], [408.0, 0.0, 0.0, 84.0, 7.4], [1221.5, 56.4, 32.3, 134.8, 7.93], [725.0, 31.3, 19.2, 106.5, 0.92], [3109.0, 36.025, 184.05, 268.825, 12.72], [3196.75, 34.175, 104.5, 532.375, 4.18], [4408.0, 41.9, 135.5, 757.0, 6.5525], [4567.0, 34.6, 93.2, 909.05, 10.01], [7756.0, 93.725, 300.2, 1169.85, 6.525], [3255.5, 49.425, 133.25, 453.575, 4.8], [598.34, 21.3, 42.45, 40.5, 1.36], [1242.75, 3.525, 83.05, 107.525, 1.6325], [1009.0, 17.3, 81.2, 52.4, 3.75], [3465.0, 30.75, 75.5, 663.5, 2.57], [12474.25, 57.975, 550.1, 1868.1, 13.0725], [2138.0, 23.9, 96.7, 307.3, 3.215], [5422.0, 45.75416667, 248.7916667, 753.4458333, 10.50208333], [3805.5, 59.75, 153.2, 548.7, 3.6375]]","['Roasted Rack of Lamb', 'Easy Carrot Cake', 'Chicken Fried Steak with Cream Pork Sausage Gravy', 'Oreo Devils', 'Sweet and Spicy Venison Jerky', 'Crazy Crust Pizza Dough', 'Quick and Easy Peach Pie Egg Rolls with Raspberry Sauce', 'Best Big, Fat, Chewy Chocolate Chip Cookie', 'Easy Caramel Apple Pie Bars', 'Chocolate COATconut Sandwich Cookies', 'Caramel Cinnamon Rolls', 'Raspberry Cream Cheese Coffee Cake', 'Chef Johns Chocolate Souffl', 'Lemon Syllabub', 'Cranberry Jell-O Salad with Walnuts', 'Raspberry Molasses Crinkles', 'Bananas Foster Cake', 'Gingersnap-Crusted Pumpkin Pie Cheesecake Bars', 'Vanilla Bean Cupcakes with Espresso Frosting', 'Blueberry Upside-Down Cake']"
regular,American,"[[481.0, 5.6, 0.4, 114.1, 2.445], [2337.0, 145.3, 147.875, 71.975, 13.4625], [3372.0, 32.5, 193.25, 398.4, 5.0075], [874.1, 59.0, 30.1, 87.0, 5.48], [2516.0, 6.7, 224.2, 137.3, 2.0], [606.0, 48.8, 33.0, 3.6, 5.07], [1640.0, 86.6, 52.05, 189.3, 7.5575], [590.0, 48.0, 33.0, 0.0, 4.99], [2763.0, 37.4, 151.2, 330.0, 2.9525], [4897.0, 56.0, 196.5, 718.8, 3.81], [5140.5, 66.75, 198.5, 771.6, 5.13], [3805.75, 43.425, 170.25, 525.7, 3.1625], [2203.0, 258.7, 86.3, 2.4, 15.12], [527.0, 18.15, 35.55, 20.35, 1.035], [6977.25, 73.025, 315.275, 977.6, 5.1175], [888.75, 75.45, 48.15, 39.75, 6.125], [7544.5, 76.125, 344.75, 1034.3, 5.885], [748.0, 61.55, 41.15, 15.65, 4.195], [2918.75, 225.1, 215.05, 3.05, 37.93], [1535.0, 37.1, 54.4, 107.7, 4.605]]","['Savory Turkey Brine', 'Pork Burger Sliders with Peach-Tarragon Aioli', 'Classic Macaroni Salad', 'Steak and Egg Hash', 'Yuca Frita', 'Instant Pot Corned Beef', 'Sloppy Joes', 'Sous Vide Corned Beef', 'Cheddar Bay Biscuits', 'Robbis M&Ms Cookies', 'Pecan Pie Bars', 'Oatmeal Butterscotch Cookies', 'Rosemary Pork Roast', 'Grandpas Tomato Gravy', 'Pineapple Pound Cake', 'Spiced Chicken Loaf', 'Clone of a Cinnabon', 'Gyros Burgers', 'Kims Prime Rib', 'Campfire Foil Packs']"
regular,German,"[[537.0, 24.225, 50.0, 0.05, 2.625], [1445.0, 107.6, 83.6, 40.0, 11.36], [4540.0, 237.2, 316.7, 166.0, 18.665], [3274.75, 175.15, 116.525, 207.275, 10.385], [3931.5, 71.0, 281.0, 244.1, 3.185], [4917.5, 68.9, 209.0, 681.15, 2.9675], [159.0, 2.8, 5.2, 24.6, 0.6], [1360.0, 31.7, 18.35, 255.6, 3.1225], [836.5, 25.45, 36.3, 97.55, 0.8325], [1181.0, 62.0, 45.0, 124.5, 5.625], [2278.25, 42.575, 125.5, 247.0, 1.695], [678.5, 16.9, 12.1, 118.45, 1.55], [3488.5, 123.1, 160.9, 381.3, 11.975], [1534.5, 73.0, 108.0, 60.0, 6.375], [4932.0, 69.9, 215.75, 620.05, 3.5075], [6032.5, 66.175, 283.5, 804.35, 7.325], [2037.5, 13.6, 152.0, 164.6, 2.68], [3006.0, 153.8, 203.2, 72.9, 14.38], [104.5, 3.2, 0.15, 20.2, 1.2625], [2499.0, 49.9, 105.0, 341.9, 3.22]]","['Slow Cooker Pork and Sauerkraut', 'Jgerschnitzel', 'The Sarges Goetta - German Breakfast Treat', 'German Hamburgers Frikadellen', 'Sauerkraut on Bread Dough', 'Butterkuchen', 'Bavarian Sauerkraut', 'Hot German Potato Salad', 'German Spaetzle Dumplings', 'Pork, Sauerkraut and Dumplings', 'German New Year Pretzel', 'German Potato Salad', 'Sausage and Sauerkraut', 'Slow Cooker Sauerkraut and Sausage', 'German Marble Cake', 'German Chocolate Upside Down Cake', 'Octoberfest German Potato Salad', 'Traditional Sauerbraten', 'Homemade Sauerkraut', 'Kartoffelkle German Potato Dumplings']"
regular,Thai,"[[1697.25, 56.425, 36.425, 273.8, 5.16], [1337.0, 35.775, 29.325, 112.2, 3.6225], [2143.25, 97.975, 116.2, 143.625, 8.0675], [1347.0, 100.2, 64.8, 41.3, 10.645], [2304.0, 125.725, 165.5, 89.55, 23.25], [351.0, 13.4, 24.6, 22.7, 0.455], [3293.5, 208.5, 138.45, 37.75, 19.265], [1738.5, 151.25, 90.1, 64.55, 16.98], [1731.0, 79.5, 131.025, 76.05, 6.355], [139.0, 6.0, 6.0, 20.5, 0.4925], [2787.0, 64.1, 211.5, 78.2, 5.22], [1930.5, 46.2, 143.425, 134.325, 4.0975], [604.75, 63.875, 15.025, 32.0, 10.775], [2614.25, 47.125, 209.725, 48.65, 5.235], [1337.0, 35.775, 29.325, 112.2, 3.6225], [1030.75, 28.025, 38.025, 26.025, 3.365], [278.0, 5.8, 0.5, 91.7, 3.21], [4396.25, 20.05, 473.3, 22.55, 3.0025], [1001.75, 21.75, 76.4, 64.5, 2.385], [176.0, 11.0, 0.4, 28.9, 6.21]]","['Thai Fried Rice', 'Spicy Thai Basil Chicken Pad Krapow Gai', 'Panang Curry with Tofu and Vegetables', 'Thai Chicken Balls', 'Thai Buffalo Wings', 'Satay Sauce', 'How to Make Homemade Pho Authentic', 'Thai Shrimp Wonton cup', 'Toronto Pad Thai', 'Chai Tea Latte', 'Chicken Massaman Curry', 'Carries Pad Thai Salad', 'The Best Thai Coconut Soup', 'Panang Curry with Chicken', 'Spicy Thai Basil Chicken Pad Krapow Gai', 'Chicken Satay with Peanut Sauce', 'Green Papaya Salad', 'Po Piah Thai Spring Rolls', 'Vegetarian Thai Curry Fried Rice', 'Thai Coconut Chicken Soup Noodle Bowl']"
